<?xml version="1.0" encoding="UTF-8" standalone="yes"?>
<types>
  <type name="AI2_Orange">
    <nominal>10</nominal>
    <lifetime>28800</lifetime>
    <restock>0</restock>
    <min>5</min>
    <quantmin>-1</quantmin>
    <quantmax>-1</quantmax>
    <cost>100</cost>
    <flags count_in_cargo="0" count_in_hoarder="0" count_in_map="1" count_in_player="0" crafted="0" deloot="0" />
    <category name="tools" />
    <usage name="Medic" />
    <tag name="shelves" />
  </type>
  <type name="CmsKit">
    <nominal>15</nominal>
    <lifetime>28800</lifetime>
    <restock>0</restock>
    <min>7</min>
    <quantmin>20</quantmin>
    <quantmax>100</quantmax>
    <cost>100</cost>
    <flags count_in_cargo="0" count_in_hoarder="0" count_in_map="1" count_in_player="0" crafted="0" deloot="0" />
    <category name="tools" />
    <usage name="Medic" />
    <tag name="shelves" />
  </type>
  <type name="Grizzly_Medikit">
    <nominal>5</nominal>
    <lifetime>28800</lifetime>
    <restock>0</restock>
    <min>2</min>
    <quantmin>20</quantmin>
    <quantmax>100</quantmax>
    <cost>100</cost>
    <flags count_in_cargo="0" count_in_hoarder="0" count_in_map="1" count_in_player="0" crafted="0" deloot="0" />
    <category name="tools" />
    <usage name="Medic" />
    <tag name="shelves" />
    <value name="Tier3" />
    <value name="Tier4" />
  </type>
  <type name="Ibuprofen">
    <nominal>30</nominal>
    <lifetime>28800</lifetime>
    <restock>0</restock>
    <min>20</min>
    <quantmin>20</quantmin>
    <quantmax>100</quantmax>
    <cost>100</cost>
    <flags count_in_cargo="0" count_in_hoarder="0" count_in_map="1" count_in_player="0" crafted="0" deloot="0" />
    <category name="tools" />
    <usage name="Medic" />
    <tag name="shelves" />
  </type>
  <type name="Propital">
    <nominal>30</nominal>
    <lifetime>28800</lifetime>
    <restock>0</restock>
    <min>20</min>
    <quantmin>-1</quantmin>
    <quantmax>-1</quantmax>
    <cost>100</cost>
    <flags count_in_cargo="0" count_in_hoarder="0" count_in_map="1" count_in_player="0" crafted="0" deloot="0" />
    <category name="tools" />
    <usage name="Medic" />
    <tag name="shelves" />
  </type>
</types>