{
    "Objects": [
        {
            "name": "StaticObj_Decon_HazmatBag_01_roll_F",
            "pos": [
                13709.7001953125,
                1.7000000476837159,
                11168.7998046875
            ],
            "ypr": [
                -139.5,
                86.99996948242188,
                -177.49989318847657
            ],
            "scale": 1.0,
            "enableCEPersistency": 0
        },
        {
            "name": "StaticObj_Dead_MassGrave_15m",
            "pos": [
                13712.900390625,
                1.899999976158142,
                11166.2998046875
            ],
            "ypr": [
                74.99998474121094,
                0.0,
                0.4999998211860657
            ],
            "scale": 1.0,
            "enableCEPersistency": 0
        },
        {
            "name": "StaticObj_Dead_pile4",
            "pos": [
                13798.599609375,
                1.4284600019454957,
                11188.2001953125
            ],
            "ypr": [
                -0.4999998211860657,
                0.0,
                4.999989986419678
            ],
            "scale": 1.0,
            "enableCEPersistency": 0
        },
        {
            "name": "StaticObj_Container_2A",
            "pos": [
                13822.7998046875,
                3.5999999046325685,
                11158.400390625
            ],
            "ypr": [
                -4.9999003410339359,
                1.69996178150177,
                0.0
            ],
            "scale": 0.9999990463256836,
            "enableCEPersistency": 0
        },
        {
            "name": "Land_Container_1Moh",
            "pos": [
                13812.099609375,
                15.390000343322754,
                11154.2001953125
            ],
            "ypr": [
                161.49998474121095,
                0.0,
                0.0
            ],
            "scale": 0.9999995231628418,
            "enableCEPersistency": 0
        },
        {
            "name": "Land_Container_1Moh",
            "pos": [
                13815.2001953125,
                15.399999618530274,
                11146.400390625
            ],
            "ypr": [
                -173.49998474121095,
                0.0,
                0.0
            ],
            "scale": 1.0,
            "enableCEPersistency": 0
        },
        {
            "name": "StaticObj_Decon_HazmatBag_01_F",
            "pos": [
                13710.357421875,
                2.029188632965088,
                11167.6748046875
            ],
            "ypr": [
                169.99990844726563,
                -4.999980926513672,
                0.0
            ],
            "scale": 0.9999998807907105,
            "enableCEPersistency": 0
        },
        {
            "name": "StaticObj_Garbage_Pile5",
            "pos": [
                13752.5,
                1.5,
                11180.599609375
            ],
            "ypr": [
                0.0,
                0.0,
                -0.0
            ],
            "scale": 1.0,
            "enableCEPersistency": 0
        },
        {
            "name": "Land_Medical_Tent_Big",
            "pos": [
                13807.099609375,
                1.649999976158142,
                11152.099609375
            ],
            "ypr": [
                156.6999053955078,
                0.0,
                0.0
            ],
            "scale": 1.0,
            "enableCEPersistency": 0
        },
        {
            "name": "StaticObj_Decon_HazmatBag_01_F",
            "pos": [
                13805.2001953125,
                2.0633299350738527,
                11147.5
            ],
            "ypr": [
                -115.00001525878906,
                -2.499964475631714,
                0.0
            ],
            "scale": 0.9999996423721314,
            "enableCEPersistency": 0
        },
        {
            "name": "Land_Medical_Tent_Shower",
            "pos": [
                13835.099609375,
                2.8299999237060549,
                11151.400390625
            ],
            "ypr": [
                -9.999996185302735,
                0.0,
                -0.19999991357326508
            ],
            "scale": 0.9999995231628418,
            "enableCEPersistency": 0
        },
        {
            "name": "StaticObj_Garbage_Pile5",
            "pos": [
                13754.7998046875,
                1.5299999713897706,
                11178.5
            ],
            "ypr": [
                99.99998474121094,
                -0.9999996423721314,
                0.9999996423721314
            ],
            "scale": 1.0,
            "enableCEPersistency": 0
        },
        {
            "name": "Land_Mil_Tent_Big3",
            "pos": [
                13702.0,
                2.7300000190734865,
                11188.7998046875
            ],
            "ypr": [
                -101.0,
                0.2999970018863678,
                0.9999996423721314
            ],
            "scale": 1.0,
            "enableCEPersistency": 0
        },
        {
            "name": "StaticObj_Misc_BoxWooden",
            "pos": [
                13715.17578125,
                2.3798704147338869,
                11189.65234375
            ],
            "ypr": [
                -10.0,
                0.0,
                0.0
            ],
            "scale": 1.0,
            "enableCEPersistency": 0
        },
        {
            "name": "StaticObj_Roadblock_Bags_Curve",
            "pos": [
                13701.099609375,
                2.3645899295806886,
                11209.7001953125
            ],
            "ypr": [
                79.99998474121094,
                0.0,
                0.0
            ],
            "scale": 1.0,
            "enableCEPersistency": 0
        },
        {
            "name": "Land_Roadblock_Table",
            "pos": [
                13709.0751953125,
                2.2318291664123537,
                11208.94140625
            ],
            "ypr": [
                -15.0,
                4.999998092651367,
                0.0
            ],
            "scale": 1.0,
            "enableCEPersistency": 0
        },
        {
            "name": "StaticObj_Roadblock_Bags_EndL",
            "pos": [
                13704.599609375,
                2.3838698863983156,
                11209.2998046875
            ],
            "ypr": [
                115.00001525878906,
                0.0,
                0.0
            ],
            "scale": 1.0,
            "enableCEPersistency": 0
        },
        {
            "name": "StaticObj_Roadblock_Bags_EndR",
            "pos": [
                13708.2998046875,
                2.3838698863983156,
                11209.900390625
            ],
            "ypr": [
                39.999996185302737,
                0.0,
                0.0
            ],
            "scale": 1.0,
            "enableCEPersistency": 0
        },
        {
            "name": "Land_Roadblock_WoodenCrate",
            "pos": [
                13705.21484375,
                1.7868129014968873,
                11208.1865234375
            ],
            "ypr": [
                0.0,
                0.0,
                -0.0
            ],
            "scale": 1.0,
            "enableCEPersistency": 0
        },
        {
            "name": "StaticObj_Misc_Antenna",
            "pos": [
                13709.8662109375,
                6.079186916351318,
                11197.74609375
            ],
            "ypr": [
                0.0,
                0.0,
                -0.0
            ],
            "scale": 1.0,
            "enableCEPersistency": 0
        },
        {
            "name": "StaticObj_Wreck_Ship_Big_Lifeboat",
            "pos": [
                13827.6298828125,
                0.4850202798843384,
                11168.61328125
            ],
            "ypr": [
                47.5,
                5.499938011169434,
                0.999996542930603
            ],
            "scale": 0.9999997615814209,
            "enableCEPersistency": 0
        },
        {
            "name": "Land_Container_1Aoh_DE",
            "pos": [
                13842.099609375,
                2.1649999618530275,
                11194.599609375
            ],
            "ypr": [
                -11.499995231628418,
                0.39998239278793337,
                0.8999999165534973
            ],
            "scale": 0.9999984502792358,
            "enableCEPersistency": 0
        },
        {
            "name": "StaticObj_Misc_BoxWooden",
            "pos": [
                13714.82421875,
                2.310842514038086,
                11187.6083984375
            ],
            "ypr": [
                -10.0,
                0.0,
                0.0
            ],
            "scale": 1.0,
            "enableCEPersistency": 0
        },
        {
            "name": "Land_Wreck_offroad02_aban1",
            "pos": [
                13805.7001953125,
                3.672990083694458,
                11193.2998046875
            ],
            "ypr": [
                0.4999998211860657,
                0.4999963939189911,
                -0.29999983310699465
            ],
            "scale": 0.9999997615814209,
            "enableCEPersistency": 0
        },
        {
            "name": "StaticObj_Dead_pile2",
            "pos": [
                13825.7998046875,
                1.090000033378601,
                11148.7998046875
            ],
            "ypr": [
                0.0,
                2.49997878074646,
                1.5000001192092896
            ],
            "scale": 0.9999997615814209,
            "enableCEPersistency": 0
        },
        {
            "name": "StaticObj_Airfield_Light_Navig",
            "pos": [
                13694.7998046875,
                6.490829944610596,
                11193.599609375
            ],
            "ypr": [
                -60.0,
                0.0,
                0.0
            ],
            "scale": 1.0,
            "enableCEPersistency": 0
        },
        {
            "name": "StaticObj_Airfield_Light_Navig",
            "pos": [
                13711.2998046875,
                6.853320121765137,
                11184.2998046875
            ],
            "ypr": [
                25.0,
                0.0,
                0.0
            ],
            "scale": 1.0,
            "enableCEPersistency": 0
        },
        {
            "name": "StaticObj_Roadblock_Bags_Curve",
            "pos": [
                13711.400390625,
                2.813620090484619,
                11211.599609375
            ],
            "ypr": [
                79.99998474121094,
                -1.4999943971633912,
                0.0
            ],
            "scale": 0.9999998807907105,
            "enableCEPersistency": 0
        },
        {
            "name": "Land_Mil_Tent_Big2_5",
            "pos": [
                13720.400390625,
                3.918070077896118,
                11178.7001953125
            ],
            "ypr": [
                79.99998474121094,
                -1.4999943971633912,
                -1.5
            ],
            "scale": 0.9999998807907105,
            "enableCEPersistency": 0
        },
        {
            "name": "Land_Mil_Fortified_Nest_Watchtower",
            "pos": [
                13693.5,
                3.4118499755859377,
                11205.599609375
            ],
            "ypr": [
                39.999996185302737,
                0.0,
                0.0
            ],
            "scale": 1.0,
            "enableCEPersistency": 0
        },
        {
            "name": "StaticObj_Mil_CamoNet_Tent2",
            "pos": [
                13705.7998046875,
                4.189610004425049,
                11208.599609375
            ],
            "ypr": [
                84.99998474121094,
                0.0,
                0.0
            ],
            "scale": 1.0,
            "enableCEPersistency": 0
        },
        {
            "name": "StaticObj_Decon_HazmatBag_01_F",
            "pos": [
                13828.0,
                1.3899999856948853,
                11151.599609375
            ],
            "ypr": [
                -135.0,
                -2.4999887943267824,
                4.999989986419678
            ],
            "scale": 1.0,
            "enableCEPersistency": 0
        },
        {
            "name": "Land_Mil_Barracks_Round",
            "pos": [
                13856.7998046875,
                2.0,
                11164.0
            ],
            "ypr": [
                -99.1999740600586,
                0.09999796003103256,
                -0.19999998807907105
            ],
            "scale": 1.0,
            "enableCEPersistency": 0
        },
        {
            "name": "Land_Mil_Tent_Big1_3",
            "pos": [
                13878.900390625,
                7.820000171661377,
                11164.7998046875
            ],
            "ypr": [
                79.99998474121094,
                0.0,
                0.0
            ],
            "scale": 1.0,
            "enableCEPersistency": 0
        },
        {
            "name": "StaticObj_Furniture_wheel_cart_DZ",
            "pos": [
                13755.7001953125,
                1.2999999523162842,
                11182.0
            ],
            "ypr": [
                0.0,
                -6.799935817718506,
                0.0
            ],
            "scale": 0.9999996423721314,
            "enableCEPersistency": 0
        },
        {
            "name": "Land_Medical_Tent_Shower",
            "pos": [
                13809.7998046875,
                3.2300000190734865,
                11145.400390625
            ],
            "ypr": [
                -22.0,
                0.0,
                -0.09999959170818329
            ],
            "scale": 0.9999996423721314,
            "enableCEPersistency": 0
        },
        {
            "name": "StaticObj_Medical_Tarp_Large_Yellow",
            "pos": [
                13817.400390625,
                1.1399999856948853,
                11189.2001953125
            ],
            "ypr": [
                13.499966621398926,
                0.0,
                -3.2999989986419679
            ],
            "scale": 0.9999988079071045,
            "enableCEPersistency": 0
        },
        {
            "name": "StaticObj_Furniture_medical_table",
            "pos": [
                13818.7998046875,
                1.2100000381469727,
                11189.2001953125
            ],
            "ypr": [
                4.999998092651367,
                1.499992847442627,
                -3.499999523162842
            ],
            "scale": 0.9999998807907105,
            "enableCEPersistency": 0
        },
        {
            "name": "StaticObj_Misc_Chair_Camp2",
            "pos": [
                13798.7998046875,
                27.009000778198243,
                11140.099609375
            ],
            "ypr": [
                87.5,
                0.0,
                0.0
            ],
            "scale": 0.9999995231628418,
            "enableCEPersistency": 0
        },
        {
            "name": "StaticObj_Furniture_flag_chernarus_pole",
            "pos": [
                13799.7001953125,
                27.22170066833496,
                11144.7998046875
            ],
            "ypr": [
                -22.500001907348634,
                0.0,
                -6.999998092651367
            ],
            "scale": 2.3999998569488527,
            "enableCEPersistency": 0
        },
        {
            "name": "Land_Container_1Moh_DE",
            "pos": [
                13768.599609375,
                10.460000038146973,
                11125.7001953125
            ],
            "ypr": [
                64.99999237060547,
                0.7999996542930603,
                -0.09999966621398926
            ],
            "scale": 1.0,
            "enableCEPersistency": 0
        },
        {
            "name": "Land_Mil_GuardTower",
            "pos": [
                13578.400390625,
                13.484000205993653,
                11174.7998046875
            ],
            "ypr": [
                -146.5,
                0.0,
                0.0
            ],
            "scale": 0.9999999403953552,
            "enableCEPersistency": 0
        },
        {
            "name": "Land_Mil_ReinforcedTank1",
            "pos": [
                13560.099609375,
                6.276000022888184,
                11144.400390625
            ],
            "ypr": [
                -28.999990463256837,
                0.0,
                -0.4999998211860657
            ],
            "scale": 0.999998152256012,
            "enableCEPersistency": 0
        },
        {
            "name": "Land_Mil_Guardhouse2",
            "pos": [
                13491.400390625,
                11.899999618530274,
                11158.599609375
            ],
            "ypr": [
                -70.1999740600586,
                0.5999687910079956,
                -1.6000009775161744
            ],
            "scale": 0.999997615814209,
            "enableCEPersistency": 0
        },
        {
            "name": "Land_Mil_Tower_Small",
            "pos": [
                13474.2998046875,
                16.052600860595704,
                11176.099609375
            ],
            "ypr": [
                109.9999771118164,
                0.0,
                0.0
            ],
            "scale": 1.0,
            "enableCEPersistency": 0
        },
        {
            "name": "Land_Mil_GuardHouse3",
            "pos": [
                13559.7998046875,
                7.3879499435424809,
                11112.400390625
            ],
            "ypr": [
                99.99998474121094,
                0.0,
                0.0
            ],
            "scale": 1.0,
            "enableCEPersistency": 0
        },
        {
            "name": "Land_Container_1Mo_DE",
            "pos": [
                13571.099609375,
                7.982059955596924,
                11162.900390625
            ],
            "ypr": [
                -7.5,
                1.2999179363250733,
                -0.6999999284744263
            ],
            "scale": 0.9999964833259583,
            "enableCEPersistency": 0
        },
        {
            "name": "Land_Container_1Mo_DE",
            "pos": [
                13574.400390625,
                7.96999979019165,
                11162.599609375
            ],
            "ypr": [
                -7.500000476837158,
                1.0999592542648316,
                -1.1999993324279786
            ],
            "scale": 0.9999979734420776,
            "enableCEPersistency": 0
        },
        {
            "name": "StaticObj_Roadblock_Wood_Long",
            "pos": [
                13472.564453125,
                10.784061431884766,
                11147.09375
            ],
            "ypr": [
                0.4999997615814209,
                5.499870300292969,
                1.9999992847442628
            ],
            "scale": 0.9999986290931702,
            "enableCEPersistency": 0
        },
        {
            "name": "StaticObj_Roadblock_Pillbox",
            "pos": [
                13477.44921875,
                11.041708946228028,
                11146.517578125
            ],
            "ypr": [
                117.5,
                -3.0999279022216799,
                2.999998092651367
            ],
            "scale": 0.9999991059303284,
            "enableCEPersistency": 0
        },
        {
            "name": "Land_Wreck_Uaz",
            "pos": [
                13484.9833984375,
                11.855545043945313,
                11163.4306640625
            ],
            "ypr": [
                -159.99993896484376,
                -2.5999932289123537,
                -2.4999990463256838
            ],
            "scale": 1.0,
            "enableCEPersistency": 0
        },
        {
            "name": "StaticObj_Wall_IndFnc2_9_nolc",
            "pos": [
                13481.599609375,
                10.70580005645752,
                11149.2001953125
            ],
            "ypr": [
                -70.29999542236328,
                0.0,
                -3.199998617172241
            ],
            "scale": 0.9999998807907105,
            "enableCEPersistency": 0
        },
        {
            "name": "StaticObj_Wall_IndFnc2_Pole",
            "pos": [
                13483.099609375,
                11.006500244140625,
                11153.599609375
            ],
            "ypr": [
                -36.9999885559082,
                0.0,
                0.0
            ],
            "scale": 0.9999985694885254,
            "enableCEPersistency": 0
        },
        {
            "name": "StaticObj_Wall_IndFnc2_Pole_nolc",
            "pos": [
                13488.5,
                11.073100090026856,
                11151.900390625
            ],
            "ypr": [
                21.5,
                0.0,
                0.0
            ],
            "scale": 0.9999998807907105,
            "enableCEPersistency": 0
        },
        {
            "name": "StaticObj_Wall_IndFnc2_9_nolc",
            "pos": [
                13478.599609375,
                10.23169994354248,
                11140.7001953125
            ],
            "ypr": [
                -70.30000305175781,
                0.0,
                -3.199998617172241
            ],
            "scale": 0.9999994039535523,
            "enableCEPersistency": 0
        },
        {
            "name": "StaticObj_Wall_IndFnc2_9_nolc",
            "pos": [
                13481.2998046875,
                9.786629676818848,
                11134.900390625
            ],
            "ypr": [
                -159.2999267578125,
                -0.4999980926513672,
                -1.5000001192092896
            ],
            "scale": 0.9999998807907105,
            "enableCEPersistency": 0
        },
        {
            "name": "StaticObj_Wall_IndFnc2_9_nolc",
            "pos": [
                13489.4091796875,
                8.911348342895508,
                11131.244140625
            ],
            "ypr": [
                -150.8000030517578,
                0.0,
                -4.999998092651367
            ],
            "scale": 1.0,
            "enableCEPersistency": 0
        },
        {
            "name": "StaticObj_Wall_IndFnc2_9_nolc",
            "pos": [
                13497.626953125,
                8.019840240478516,
                11127.849609375
            ],
            "ypr": [
                -163.79994201660157,
                0.0,
                -4.999989986419678
            ],
            "scale": 1.0,
            "enableCEPersistency": 0
        },
        {
            "name": "StaticObj_Wall_IndFnc2_9_nolc",
            "pos": [
                13506.240234375,
                7.393402576446533,
                11125.37109375
            ],
            "ypr": [
                -163.79994201660157,
                0.0,
                -3.9999823570251467
            ],
            "scale": 1.0,
            "enableCEPersistency": 0
        },
        {
            "name": "StaticObj_Wall_IndFnc2_3_D_nolc",
            "pos": [
                13588.837890625,
                8.056417465209961,
                11175.7177734375
            ],
            "ypr": [
                30.999996185302736,
                0.0,
                0.0
            ],
            "scale": 1.0,
            "enableCEPersistency": 0
        },
        {
            "name": "Land_Mil_Radar_Mobile3",
            "pos": [
                13560.1826171875,
                12.03493595123291,
                11144.095703125
            ],
            "ypr": [
                0.0,
                0.0,
                -0.0
            ],
            "scale": 1.0,
            "enableCEPersistency": 0
        },
        {
            "name": "Land_wreck_truck01_aban2_green_DE",
            "pos": [
                13555.099609375,
                6.198269844055176,
                11124.0
            ],
            "ypr": [
                1.6999958753585816,
                0.6999897360801697,
                1.5000001192092896
            ],
            "scale": 0.9999996423721314,
            "enableCEPersistency": 0
        },
        {
            "name": "StaticObj_Wall_IndFnc2_9_nolc",
            "pos": [
                13514.5,
                6.697289943695068,
                11122.0
            ],
            "ypr": [
                -150.89999389648438,
                0.0,
                -2.6999974250793459
            ],
            "scale": 1.0,
            "enableCEPersistency": 0
        },
        {
            "name": "StaticObj_Wall_IndFnc2_9_nolc",
            "pos": [
                13522.2998046875,
                6.409450054168701,
                11117.5
            ],
            "ypr": [
                -149.49998474121095,
                0.499997079372406,
                -1.6999958753585816
            ],
            "scale": 0.9999997615814209,
            "enableCEPersistency": 0
        },
        {
            "name": "StaticObj_Wall_IndFnc2_9_nolc",
            "pos": [
                13530.0,
                6.218070030212402,
                11112.900390625
            ],
            "ypr": [
                -149.0,
                0.4999978244304657,
                -1.9999992847442628
            ],
            "scale": 0.9999998807907105,
            "enableCEPersistency": 0
        },
        {
            "name": "StaticObj_Wall_IndFnc2_3_Hole",
            "pos": [
                13537.7041015625,
                5.967292308807373,
                11107.1640625
            ],
            "ypr": [
                -136.49990844726563,
                -0.4999643862247467,
                0.4999998211860657
            ],
            "scale": 0.9999982118606567,
            "enableCEPersistency": 0
        },
        {
            "name": "StaticObj_Wall_IndFnc2_Pole",
            "pos": [
                13536.5244140625,
                5.816885948181152,
                11108.2060546875
            ],
            "ypr": [
                -135.0,
                0.0,
                0.0
            ],
            "scale": 1.0,
            "enableCEPersistency": 0
        },
        {
            "name": "StaticObj_Wall_IndFnc2_9_nolc",
            "pos": [
                13542.5,
                5.889999866485596,
                11103.7001953125
            ],
            "ypr": [
                -147.49996948242188,
                0.4999980032444,
                -0.9999961853027344
            ],
            "scale": 1.0,
            "enableCEPersistency": 0
        },
        {
            "name": "StaticObj_Wall_IndFnc2_9_nolc",
            "pos": [
                13550.099609375,
                5.690000057220459,
                11099.0
            ],
            "ypr": [
                -147.49996948242188,
                0.0,
                -1.100000023841858
            ],
            "scale": 1.0,
            "enableCEPersistency": 0
        },
        {
            "name": "StaticObj_Wall_IndFnc2_9_nolc",
            "pos": [
                13558.4111328125,
                5.2507452964782719,
                11096.1630859375
            ],
            "ypr": [
                -175.5,
                0.0,
                -1.100000023841858
            ],
            "scale": 0.9999998807907105,
            "enableCEPersistency": 0
        },
        {
            "name": "StaticObj_Wall_IndFnc2_Pole_nolc",
            "pos": [
                13569.7998046875,
                5.612080097198486,
                11099.599609375
            ],
            "ypr": [
                125.49995422363281,
                0.0,
                0.0
            ],
            "scale": 0.9999999403953552,
            "enableCEPersistency": 0
        },
        {
            "name": "StaticObj_Wall_IndFnc2_Pole_nolc",
            "pos": [
                13565.900390625,
                5.351379871368408,
                11097.2001953125
            ],
            "ypr": [
                144.99996948242188,
                0.0,
                0.0
            ],
            "scale": 1.0,
            "enableCEPersistency": 0
        },
        {
            "name": "StaticObj_Garbage_Container",
            "pos": [
                13571.5,
                6.829999923706055,
                11114.7998046875
            ],
            "ypr": [
                0.0,
                4.199971675872803,
                0.0
            ],
            "scale": 0.9999996423721314,
            "enableCEPersistency": 0
        },
        {
            "name": "StaticObj_Misc_Pallets2",
            "pos": [
                13557.5,
                6.579999923706055,
                11117.900390625
            ],
            "ypr": [
                0.0,
                2.4999923706054689,
                0.0
            ],
            "scale": 0.9999998807907105,
            "enableCEPersistency": 0
        },
        {
            "name": "StaticObj_Power_Pole_Wood1_Trail_B",
            "pos": [
                13547.7998046875,
                6.5,
                11133.7001953125
            ],
            "ypr": [
                -22.39998435974121,
                -89.40028381347656,
                -149.29994201660157
            ],
            "scale": 0.9999985694885254,
            "enableCEPersistency": 0
        },
        {
            "name": "StaticObj_Power_Pole_Wood1_Trail_R",
            "pos": [
                13519.810546875,
                11.986166000366211,
                11149.6162109375
            ],
            "ypr": [
                13.999998092651368,
                0.0,
                0.0
            ],
            "scale": 0.9999996423721314,
            "enableCEPersistency": 0
        },
        {
            "name": "StaticObj_Power_Pole_Wood1_Trail_R",
            "pos": [
                13485.73046875,
                15.113607406616211,
                11160.15625
            ],
            "ypr": [
                20.499998092651368,
                0.0,
                0.0
            ],
            "scale": 0.9999993443489075,
            "enableCEPersistency": 0
        },
        {
            "name": "StaticObj_Misc_BoxWooden",
            "pos": [
                13555.78515625,
                6.649114608764648,
                11117.171875
            ],
            "ypr": [
                0.0,
                0.0,
                -0.0
            ],
            "scale": 1.0,
            "enableCEPersistency": 0
        },
        {
            "name": "StaticObj_Misc_WoodTable_Outdoor",
            "pos": [
                13573.7001953125,
                6.619999885559082,
                11121.900390625
            ],
            "ypr": [
                0.9999961853027344,
                0.4999998211860657,
                0.19999991357326508
            ],
            "scale": 1.0,
            "enableCEPersistency": 0
        },
        {
            "name": "StaticObj_Wall_IndFnc2_9_nolc",
            "pos": [
                13572.7001953125,
                5.5,
                11103.099609375
            ],
            "ypr": [
                130.00001525878907,
                0.0,
                -0.5999996662139893
            ],
            "scale": 0.9999998807907105,
            "enableCEPersistency": 0
        },
        {
            "name": "StaticObj_Wall_IndFnc2_Pole_nolc",
            "pos": [
                13577.2001953125,
                5.323999881744385,
                11111.7001953125
            ],
            "ypr": [
                81.4999771118164,
                7.699746131896973,
                -79.39999389648438
            ],
            "scale": 0.9999986290931702,
            "enableCEPersistency": 0
        },
        {
            "name": "StaticObj_Wall_IndFnc2_Pole_nolc",
            "pos": [
                13581.2001953125,
                6.260000228881836,
                11115.7998046875
            ],
            "ypr": [
                -84.99998474121094,
                89.81654357910156,
                179.99989318847657
            ],
            "scale": 0.9999993443489075,
            "enableCEPersistency": 0
        },
        {
            "name": "StaticObj_Wall_IndFnc2_Pole_nolc",
            "pos": [
                13581.5,
                7.059999942779541,
                11120.7998046875
            ],
            "ypr": [
                95.0,
                50.70029830932617,
                0.0
            ],
            "scale": 1.0,
            "enableCEPersistency": 0
        },
        {
            "name": "StaticObj_Furniture_flag_chernarus_wall",
            "pos": [
                13573.7001953125,
                7.132999897003174,
                11122.0
            ],
            "ypr": [
                89.89998626708985,
                -89.0805892944336,
                -5.999996185302734
            ],
            "scale": 0.9999998807907105,
            "enableCEPersistency": 0
        },
        {
            "name": "StaticObj_Wall_IndFnc2_3_D_nolc",
            "pos": [
                13582.2998046875,
                7.147649765014648,
                11127.2001953125
            ],
            "ypr": [
                90.0,
                0.0,
                0.0
            ],
            "scale": 1.0,
            "enableCEPersistency": 0
        },
        {
            "name": "StaticObj_Wall_IndFnc2_Pole_nolc",
            "pos": [
                13582.630859375,
                7.066965579986572,
                11125.6748046875
            ],
            "ypr": [
                87.0,
                0.0,
                0.0
            ],
            "scale": 0.9999995231628418,
            "enableCEPersistency": 0
        },
        {
            "name": "StaticObj_Wall_IndFnc2_9_nolc",
            "pos": [
                13582.2998046875,
                7.128849983215332,
                11133.2001953125
            ],
            "ypr": [
                85.9999771118164,
                0.0,
                0.9999995231628418
            ],
            "scale": 0.9999988079071045,
            "enableCEPersistency": 0
        },
        {
            "name": "StaticObj_Wall_IndFnc2_9_nolc",
            "pos": [
                13581.701171875,
                7.265563011169434,
                11142.1640625
            ],
            "ypr": [
                85.79998779296875,
                0.0,
                1.2000000476837159
            ],
            "scale": 0.9999971985816956,
            "enableCEPersistency": 0
        },
        {
            "name": "StaticObj_Wall_IndFnc2_9_nolc",
            "pos": [
                13582.5,
                7.400000095367432,
                11150.900390625
            ],
            "ypr": [
                104.29999542236328,
                0.0,
                1.1999993324279786
            ],
            "scale": 0.9999959468841553,
            "enableCEPersistency": 0
        },
        {
            "name": "Land_Misc_Toilet_Dry",
            "pos": [
                13520.400390625,
                9.699999809265137,
                11159.2001953125
            ],
            "ypr": [
                -79.99998474121094,
                0.0,
                0.0
            ],
            "scale": 1.0,
            "enableCEPersistency": 0
        },
        {
            "name": "StaticObj_Furniture_canister_DZ",
            "pos": [
                13573.400390625,
                6.480000019073486,
                11123.7001953125
            ],
            "ypr": [
                0.0,
                0.0,
                -0.0
            ],
            "scale": 1.0,
            "enableCEPersistency": 0
        },
        {
            "name": "Land_Garage_Office",
            "pos": [
                13524.2998046875,
                11.059100151062012,
                11133.599609375
            ],
            "ypr": [
                -156.0,
                0.0,
                0.0
            ],
            "scale": 0.9999985694885254,
            "enableCEPersistency": 0
        },
        {
            "name": "StaticObj_Furniture_fireplace_grill",
            "pos": [
                13570.189453125,
                6.967552661895752,
                11123.248046875
            ],
            "ypr": [
                0.0,
                0.0,
                -0.0
            ],
            "scale": 1.0,
            "enableCEPersistency": 0
        },
        {
            "name": "StaticObj_Wall_IndFnc2_9_nolc",
            "pos": [
                13585.7998046875,
                7.536940097808838,
                11159.099609375
            ],
            "ypr": [
                119.29998779296875,
                0.0,
                1.1999993324279786
            ],
            "scale": 0.9999999403953552,
            "enableCEPersistency": 0
        },
        {
            "name": "StaticObj_Wall_IndFnc2_9_nolc",
            "pos": [
                13590.2998046875,
                7.789420127868652,
                11166.900390625
            ],
            "ypr": [
                119.29998779296875,
                0.0,
                1.1999993324279786
            ],
            "scale": 0.9999999403953552,
            "enableCEPersistency": 0
        },
        {
            "name": "StaticObj_Wall_IndFnc2_Pole_nolc",
            "pos": [
                13593.7001953125,
                7.9686598777771,
                11173.099609375
            ],
            "ypr": [
                102.0,
                0.0,
                0.0
            ],
            "scale": 0.9999997615814209,
            "enableCEPersistency": 0
        },
        {
            "name": "StaticObj_Wall_IndFnc2_Pole_nolc",
            "pos": [
                13590.2998046875,
                8.0352201461792,
                11175.2001953125
            ],
            "ypr": [
                31.70000648498535,
                0.0,
                0.0
            ],
            "scale": 0.9999999403953552,
            "enableCEPersistency": 0
        },
        {
            "name": "StaticObj_Roadblock_Wood_Long",
            "pos": [
                13487.115234375,
                12.214851379394532,
                11172.6396484375
            ],
            "ypr": [
                34.0,
                2.6999690532684328,
                3.799999952316284
            ],
            "scale": 1.0,
            "enableCEPersistency": 0
        },
        {
            "name": "StaticObj_Garbage_Bin",
            "pos": [
                13496.2001953125,
                10.520000457763672,
                11159.2001953125
            ],
            "ypr": [
                0.0,
                0.0,
                3.499995470046997
            ],
            "scale": 0.9999997615814209,
            "enableCEPersistency": 0
        },
        {
            "name": "Land_Shed_W3",
            "pos": [
                13533.0,
                7.53000020980835,
                11131.2001953125
            ],
            "ypr": [
                -159.99993896484376,
                0.0,
                0.0
            ],
            "scale": 1.0,
            "enableCEPersistency": 0
        },
        {
            "name": "StaticObj_Furniture_bucket",
            "pos": [
                13572.900390625,
                6.11299991607666,
                11123.900390625
            ],
            "ypr": [
                0.0,
                1.99998939037323,
                0.9999968409538269
            ],
            "scale": 0.9999997615814209,
            "enableCEPersistency": 0
        },
        {
            "name": "StaticObj_Tank_Small_Gas",
            "pos": [
                13552.0,
                7.2825398445129398,
                11151.400390625
            ],
            "ypr": [
                -130.9999542236328,
                0.0,
                0.0
            ],
            "scale": 0.9999993443489075,
            "enableCEPersistency": 0
        },
        {
            "name": "Land_Misc_Toilet_Mobile",
            "pos": [
                13749.7998046875,
                5.21999979019165,
                11220.099609375
            ],
            "ypr": [
                0.0,
                0.0,
                -0.0
            ],
            "scale": 1.0,
            "enableCEPersistency": 0
        },
        {
            "name": "Land_Misc_Toilet_Mobile",
            "pos": [
                13747.5361328125,
                5.4345879554748539,
                11220.50390625
            ],
            "ypr": [
                0.0,
                0.0,
                -0.0
            ],
            "scale": 1.0,
            "enableCEPersistency": 0
        },
        {
            "name": "Land_Misc_Toilet_Mobile",
            "pos": [
                13746.5966796875,
                5.954539775848389,
                11225.017578125
            ],
            "ypr": [
                0.0,
                0.0,
                -0.0
            ],
            "scale": 1.0,
            "enableCEPersistency": 0
        },
        {
            "name": "StaticObj_Decon_CBRNCase_01_F",
            "pos": [
                13825.900390625,
                1.2560499906539918,
                11149.099609375
            ],
            "ypr": [
                70.79999542236328,
                49.897281646728519,
                0.0
            ],
            "scale": 0.9999973773956299,
            "enableCEPersistency": 0
        },
        {
            "name": "StaticObj_Decon_LayFlatHose_01_Roll_F",
            "pos": [
                13830.7001953125,
                1.3580000400543213,
                11154.0
            ],
            "ypr": [
                0.0,
                0.0,
                -0.0
            ],
            "scale": 1.0,
            "enableCEPersistency": 0
        },
        {
            "name": "Land_Roadblock_Table",
            "pos": [
                13798.400390625,
                26.952999114990236,
                11138.900390625
            ],
            "ypr": [
                -17.499982833862306,
                0.0,
                0.0
            ],
            "scale": 0.9999993443489075,
            "enableCEPersistency": 0
        },
        {
            "name": "Land_Container_1Mo_DE",
            "pos": [
                13840.900390625,
                15.0,
                11152.599609375
            ],
            "ypr": [
                154.9999542236328,
                -0.8999999165534973,
                -0.4999998211860657
            ],
            "scale": 0.9999999403953552,
            "enableCEPersistency": 0
        },
        {
            "name": "Land_Container_1Mo_DE",
            "pos": [
                13847.599609375,
                15.039999961853028,
                11151.599609375
            ],
            "ypr": [
                -11.7999906539917,
                -0.899986982345581,
                8.29998779296875
            ],
            "scale": 0.9999998807907105,
            "enableCEPersistency": 0
        },
        {
            "name": "Land_Medical_Tent_Big",
            "pos": [
                13689.2998046875,
                1.7300000190734864,
                11218.7998046875
            ],
            "ypr": [
                -179.99989318847657,
                -2.6999590396881105,
                0.4999998211860657
            ],
            "scale": 0.9999991655349731,
            "enableCEPersistency": 0
        },
        {
            "name": "StaticObj_Decon_LayFlatHose_01_SBend_F",
            "pos": [
                13819.599609375,
                1.2100000381469727,
                11183.0
            ],
            "ypr": [
                0.0,
                -2.5999937057495119,
                0.0
            ],
            "scale": 0.9999998807907105,
            "enableCEPersistency": 0
        },
        {
            "name": "StaticObj_Decon_HazmatBag_01_F",
            "pos": [
                13819.7998046875,
                1.4800000190734864,
                11187.2998046875
            ],
            "ypr": [
                2.4999990463256838,
                1.499946117401123,
                10.499995231628418
            ],
            "scale": 0.9999982118606567,
            "enableCEPersistency": 0
        },
        {
            "name": "StaticObj_Decon_HazmatBag_01_F",
            "pos": [
                13827.8056640625,
                1.4452342987060547,
                11154.849609375
            ],
            "ypr": [
                0.0,
                0.0,
                -0.0
            ],
            "scale": 1.0,
            "enableCEPersistency": 0
        },
        {
            "name": "StaticObj_Garbage_Container_Plastic",
            "pos": [
                13839.5830078125,
                2.108348846435547,
                11162.080078125
            ],
            "ypr": [
                0.0,
                0.0,
                -0.0
            ],
            "scale": 1.0,
            "enableCEPersistency": 0
        },
        {
            "name": "StaticObj_Garbage_Pile5",
            "pos": [
                13843.2001953125,
                1.7699999809265137,
                11161.7998046875
            ],
            "ypr": [
                0.0,
                0.0,
                -0.0
            ],
            "scale": 1.0,
            "enableCEPersistency": 0
        },
        {
            "name": "Land_Container_1Moh",
            "pos": [
                13831.900390625,
                3.2934000492095949,
                11160.7001953125
            ],
            "ypr": [
                -42.499977111816409,
                -22.599809646606447,
                14.999991416931153
            ],
            "scale": 0.9999995231628418,
            "enableCEPersistency": 0
        },
        {
            "name": "Land_wreck_truck01_aban2_green_DE",
            "pos": [
                13699.0,
                2.069999933242798,
                11227.2998046875
            ],
            "ypr": [
                134.5,
                -5.499999046325684,
                -6.699997901916504
            ],
            "scale": 1.0,
            "enableCEPersistency": 0
        },
        {
            "name": "StaticObj_Dead_pile4",
            "pos": [
                13703.0,
                1.8796099424362183,
                11223.599609375
            ],
            "ypr": [
                96.00000762939453,
                -6.0,
                -2.4999990463256838
            ],
            "scale": 1.0,
            "enableCEPersistency": 0
        },
        {
            "name": "StaticObj_Dead_pile1",
            "pos": [
                13704.599609375,
                1.940000057220459,
                11224.099609375
            ],
            "ypr": [
                -0.9999996423721314,
                0.9999914765357971,
                4.5
            ],
            "scale": 0.9999995231628418,
            "enableCEPersistency": 0
        },
        {
            "name": "StaticObj_Wreck_BRDM",
            "pos": [
                13534.2998046875,
                7.699999809265137,
                11147.7998046875
            ],
            "ypr": [
                0.0,
                0.9999996423721314,
                -12.0
            ],
            "scale": 1.0,
            "enableCEPersistency": 0
        },
        {
            "name": "StaticObj_Wreck_BMP1_DE",
            "pos": [
                13761.2998046875,
                1.5,
                11191.099609375
            ],
            "ypr": [
                0.9999996423721314,
                -0.19999991357326508,
                1.6999986171722413
            ],
            "scale": 1.0,
            "enableCEPersistency": 0
        },
        {
            "name": "StaticObj_Wreck_BMP2_DE",
            "pos": [
                13784.2998046875,
                1.5,
                11196.599609375
            ],
            "ypr": [
                168.5,
                0.0,
                5.499999046325684
            ],
            "scale": 0.9999999403953552,
            "enableCEPersistency": 0
        },
        {
            "name": "StaticObj_Wall_IndFnc2_9_nolc",
            "pos": [
                13584.0,
                8.0,
                11179.2998046875
            ],
            "ypr": [
                35.0,
                0.0,
                0.9999996423721314
            ],
            "scale": 1.0,
            "enableCEPersistency": 0
        },
        {
            "name": "StaticObj_Wall_IndFnc2_9_nolc",
            "pos": [
                13577.0,
                8.729999542236329,
                11184.900390625
            ],
            "ypr": [
                42.0,
                0.0,
                7.999997138977051
            ],
            "scale": 0.9999995231628418,
            "enableCEPersistency": 0
        },
        {
            "name": "StaticObj_Wall_IndFnc2_9_nolc",
            "pos": [
                13570.099609375,
                9.421660423278809,
                11190.2998046875
            ],
            "ypr": [
                34.999996185302737,
                0.0,
                0.6999999284744263
            ],
            "scale": 0.9999998807907105,
            "enableCEPersistency": 0
        },
        {
            "name": "StaticObj_Wall_IndFnc2_3_D_nolc",
            "pos": [
                13565.099609375,
                9.600000381469727,
                11193.5
            ],
            "ypr": [
                34.5,
                0.0,
                -1.5000001192092896
            ],
            "scale": 0.9999999403953552,
            "enableCEPersistency": 0
        },
        {
            "name": "StaticObj_Wall_IndFnc2_9_nolc",
            "pos": [
                13560.2998046875,
                9.512100219726563,
                11197.2001953125
            ],
            "ypr": [
                34.90000534057617,
                0.0,
                0.6999999284744263
            ],
            "scale": 0.9999997615814209,
            "enableCEPersistency": 0
        },
        {
            "name": "StaticObj_Wall_IndFnc2_9_nolc",
            "pos": [
                13553.0,
                9.949999809265137,
                11202.2001953125
            ],
            "ypr": [
                34.400001525878909,
                0.0,
                2.9999899864196779
            ],
            "scale": 1.0,
            "enableCEPersistency": 0
        },
        {
            "name": "StaticObj_Wall_IndFnc2_9_nolc",
            "pos": [
                13545.5732421875,
                10.844329833984375,
                11207.2265625
            ],
            "ypr": [
                33.399993896484378,
                0.0,
                6.5
            ],
            "scale": 1.0,
            "enableCEPersistency": 0
        },
        {
            "name": "StaticObj_Wall_IndFnc2_9_nolc",
            "pos": [
                13538.099609375,
                11.751099586486817,
                11212.099609375
            ],
            "ypr": [
                32.899986267089847,
                0.0,
                4.599999904632568
            ],
            "scale": 0.9999997615814209,
            "enableCEPersistency": 0
        },
        {
            "name": "StaticObj_Wall_IndFnc2_9_nolc",
            "pos": [
                13530.599609375,
                12.5,
                11216.900390625
            ],
            "ypr": [
                32.5,
                0.0,
                5.699999809265137
            ],
            "scale": 0.9999997615814209,
            "enableCEPersistency": 0
        },
        {
            "name": "StaticObj_Wall_IndFnc2_9_nolc",
            "pos": [
                13523.0,
                13.300000190734864,
                11221.5
            ],
            "ypr": [
                29.899991989135743,
                0.0,
                3.4999959468841554
            ],
            "scale": 0.9999997615814209,
            "enableCEPersistency": 0
        },
        {
            "name": "StaticObj_Wall_IndFnc2_9_nolc",
            "pos": [
                13515.0,
                13.958100318908692,
                11225.5
            ],
            "ypr": [
                23.499996185302736,
                0.0,
                3.199998617172241
            ],
            "scale": 1.0,
            "enableCEPersistency": 0
        },
        {
            "name": "StaticObj_Wall_IndFnc2_9_nolc",
            "pos": [
                13507.7998046875,
                14.398699760437012,
                11223.2998046875
            ],
            "ypr": [
                -69.49999237060547,
                0.0,
                0.09999995678663254
            ],
            "scale": 1.000000238418579,
            "enableCEPersistency": 0
        },
        {
            "name": "StaticObj_Wall_IndFnc2_9_nolc",
            "pos": [
                13503.900390625,
                14.050000190734864,
                11212.099609375
            ],
            "ypr": [
                -71.4999771118164,
                4.899972438812256,
                -1.2000000476837159
            ],
            "scale": 0.999999463558197,
            "enableCEPersistency": 0
        },
        {
            "name": "StaticObj_Wall_IndFnc2_3_D_nolc",
            "pos": [
                13506.099609375,
                14.270000457763672,
                11217.7001953125
            ],
            "ypr": [
                -72.39997863769531,
                0.0,
                -0.9999996423721314
            ],
            "scale": 1.0,
            "enableCEPersistency": 0
        },
        {
            "name": "StaticObj_Wall_IndFnc2_9_nolc",
            "pos": [
                13501.2001953125,
                13.901399612426758,
                11203.599609375
            ],
            "ypr": [
                -73.99999237060547,
                4.500000953674316,
                -1.5000001192092896
            ],
            "scale": 0.9999999403953552,
            "enableCEPersistency": 0
        },
        {
            "name": "StaticObj_Wall_IndFnc2_9_nolc",
            "pos": [
                13498.400390625,
                13.52180004119873,
                11195.099609375
            ],
            "ypr": [
                -68.9000015258789,
                0.5000007748603821,
                -2.0999960899353029
            ],
            "scale": 1.000000238418579,
            "enableCEPersistency": 0
        },
        {
            "name": "StaticObj_Wall_IndFnc2_9_nolc",
            "pos": [
                13495.2001953125,
                13.100000381469727,
                11186.7001953125
            ],
            "ypr": [
                -69.89999389648438,
                1.400001883506775,
                -3.399998188018799
            ],
            "scale": 0.9999999403953552,
            "enableCEPersistency": 0
        },
        {
            "name": "StaticObj_Wall_IndFnc2_9_nolc",
            "pos": [
                13492.099609375,
                12.550000190734864,
                11178.2998046875
            ],
            "ypr": [
                -69.0,
                0.0,
                -3.499995708465576
            ],
            "scale": 0.9999995231628418,
            "enableCEPersistency": 0
        },
        {
            "name": "StaticObj_Wall_IndFnc2_9_nolc",
            "pos": [
                13488.7998046875,
                12.015399932861329,
                11170.0
            ],
            "ypr": [
                -67.60000610351563,
                1.4999924898147584,
                -2.0999958515167238
            ],
            "scale": 0.9999996423721314,
            "enableCEPersistency": 0
        },
        {
            "name": "StaticObj_Wall_IndFnc2_Pole_nolc",
            "pos": [
                13486.0,
                11.793899536132813,
                11162.7001953125
            ],
            "ypr": [
                -67.5,
                0.0,
                0.0
            ],
            "scale": 0.9999995231628418,
            "enableCEPersistency": 0
        },
        {
            "name": "StaticObj_Wall_IndFnc2_Pole_nolc",
            "pos": [
                13488.7001953125,
                11.861599922180176,
                11161.599609375
            ],
            "ypr": [
                -156.5,
                -0.49999701976776125,
                0.0
            ],
            "scale": 0.9999995231628418,
            "enableCEPersistency": 0
        },
        {
            "name": "StaticObj_Wreck_Decal_Big_NoLC",
            "pos": [
                13699.0,
                2.186110019683838,
                11229.7998046875
            ],
            "ypr": [
                14.999991416931153,
                -0.8999739289283752,
                2.4999990463256838
            ],
            "scale": 0.999997615814209,
            "enableCEPersistency": 0
        },
        {
            "name": "StaticObj_Shed_Open_Big_Complete",
            "pos": [
                13536.599609375,
                10.083999633789063,
                11159.599609375
            ],
            "ypr": [
                24.000001907348634,
                0.0,
                0.0
            ],
            "scale": 1.0,
            "enableCEPersistency": 0
        },
        {
            "name": "StaticObj_chair_crushed",
            "pos": [
                13569.134765625,
                6.198296546936035,
                11122.5234375
            ],
            "ypr": [
                0.0,
                0.0,
                -0.0
            ],
            "scale": 1.0,
            "enableCEPersistency": 0
        },
        {
            "name": "StaticObj_Wreck_Trailer_Flat",
            "pos": [
                13533.900390625,
                8.37460994720459,
                11154.400390625
            ],
            "ypr": [
                0.0,
                1.999993920326233,
                2.9999992847442629
            ],
            "scale": 0.9999997615814209,
            "enableCEPersistency": 0
        },
        {
            "name": "Land_Mil_Tower_Small",
            "pos": [
                13578.2998046875,
                9.555700302124024,
                11113.900390625
            ],
            "ypr": [
                127.0,
                0.0,
                0.0
            ],
            "scale": 0.9999991655349731,
            "enableCEPersistency": 0
        },
        {
            "name": "StaticObj_Furniture_radio_b",
            "pos": [
                13574.0,
                7.0980000495910648,
                11122.900390625
            ],
            "ypr": [
                -77.5,
                0.0,
                0.0
            ],
            "scale": 1.0,
            "enableCEPersistency": 0
        },
        {
            "name": "StaticObj_Dead_pile3",
            "pos": [
                13536.7998046875,
                8.279999732971192,
                11168.400390625
            ],
            "ypr": [
                0.0,
                0.0,
                -0.0
            ],
            "scale": 1.0,
            "enableCEPersistency": 0
        },
        {
            "name": "StaticObj_Dead_pile2",
            "pos": [
                13537.099609375,
                8.243789672851563,
                11167.099609375
            ],
            "ypr": [
                -23.499996185302736,
                3.99997878074646,
                0.0
            ],
            "scale": 0.9999995827674866,
            "enableCEPersistency": 0
        },
        {
            "name": "StaticObj_Dead_pile2",
            "pos": [
                13533.900390625,
                8.279999732971192,
                11154.400390625
            ],
            "ypr": [
                57.50000762939453,
                1.199991226196289,
                2.999998092651367
            ],
            "scale": 0.9999990463256836,
            "enableCEPersistency": 0
        },
        {
            "name": "StaticObj_PalletTrolley_01_yellow_F",
            "pos": [
                13533.8017578125,
                8.703096389770508,
                11166.3408203125
            ],
            "ypr": [
                0.0,
                0.0,
                -0.0
            ],
            "scale": 1.0,
            "enableCEPersistency": 0
        },
        {
            "name": "StaticObj_Misc_Pallets3",
            "pos": [
                13532.6484375,
                8.987186431884766,
                11169.4677734375
            ],
            "ypr": [
                0.0,
                0.0,
                -0.0
            ],
            "scale": 1.0,
            "enableCEPersistency": 0
        },
        {
            "name": "StaticObj_Misc_Pallets1",
            "pos": [
                13537.9716796875,
                8.363031387329102,
                11169.6416015625
            ],
            "ypr": [
                0.0,
                0.0,
                -0.0
            ],
            "scale": 1.0,
            "enableCEPersistency": 0
        },
        {
            "name": "StaticObj_Misc_Pallets1",
            "pos": [
                13536.900390625,
                8.799980163574219,
                11167.7001953125
            ],
            "ypr": [
                0.0,
                0.0,
                -0.0
            ],
            "scale": 1.0,
            "enableCEPersistency": 0
        },
        {
            "name": "StaticObj_Misc_Pallet",
            "pos": [
                13537.099609375,
                7.879650115966797,
                11166.2001953125
            ],
            "ypr": [
                23.0,
                4.999966144561768,
                4.999990940093994
            ],
            "scale": 0.9999995231628418,
            "enableCEPersistency": 0
        },
        {
            "name": "StaticObj_Garbage_Pile8",
            "pos": [
                13538.7998046875,
                8.32118034362793,
                11167.099609375
            ],
            "ypr": [
                79.49999237060547,
                -3.999943494796753,
                3.4999966621398927
            ],
            "scale": 0.9999988675117493,
            "enableCEPersistency": 0
        },
        {
            "name": "StaticObj_Rubble_Wood1",
            "pos": [
                13537.2998046875,
                8.100000381469727,
                11168.400390625
            ],
            "ypr": [
                0.0,
                6.499777317047119,
                0.0
            ],
            "scale": 0.9999988675117493,
            "enableCEPersistency": 0
        },
        {
            "name": "StaticObj_Rubble_Wood1",
            "pos": [
                13536.2998046875,
                8.0,
                11168.400390625
            ],
            "ypr": [
                0.0,
                6.499908447265625,
                0.0
            ],
            "scale": 0.9999993443489075,
            "enableCEPersistency": 0
        },
        {
            "name": "StaticObj_Rubble_Wood1",
            "pos": [
                13536.900390625,
                7.900000095367432,
                11167.2998046875
            ],
            "ypr": [
                0.0,
                9.999757766723633,
                0.0
            ],
            "scale": 0.999998927116394,
            "enableCEPersistency": 0
        },
        {
            "name": "StaticObj_Rubble_Wood1",
            "pos": [
                13522.341796875,
                8.197891235351563,
                11171.8427734375
            ],
            "ypr": [
                0.0,
                9.999682426452637,
                0.0
            ],
            "scale": 0.9999986886978149,
            "enableCEPersistency": 0
        },
        {
            "name": "StaticObj_Wreck_Digger",
            "pos": [
                13705.599609375,
                5.022150039672852,
                11168.900390625
            ],
            "ypr": [
                0.0,
                0.49999573826789858,
                2.6999974250793459
            ],
            "scale": 0.9999995231628418,
            "enableCEPersistency": 0
        },
        {
            "name": "CraterLong",
            "pos": [
                13682.7001953125,
                0.8999999761581421,
                11149.400390625
            ],
            "ypr": [
                2.4999990463256838,
                -1.9999898672103882,
                0.0
            ],
            "scale": 1.0,
            "enableCEPersistency": 0
        },
        {
            "name": "CraterLong",
            "pos": [
                13685.5,
                1.229159951210022,
                11153.599609375
            ],
            "ypr": [
                0.0,
                0.09999995678663254,
                0.0
            ],
            "scale": 1.0,
            "enableCEPersistency": 0
        },
        {
            "name": "CraterLong",
            "pos": [
                13680.7998046875,
                1.0186200141906739,
                11155.0
            ],
            "ypr": [
                -169.99990844726563,
                -1.3999804258346558,
                3.9999959468841554
            ],
            "scale": 0.9999982714653015,
            "enableCEPersistency": 0
        },
        {
            "name": "CraterLong",
            "pos": [
                13683.7998046875,
                1.1924400329589844,
                11162.0
            ],
            "ypr": [
                -175.99996948242188,
                0.9999949336051941,
                3.9999985694885256
            ],
            "scale": 0.9999998807907105,
            "enableCEPersistency": 0
        },
        {
            "name": "Land_Container_1Mo_DE",
            "pos": [
                13538.599609375,
                7.650000095367432,
                11129.0
            ],
            "ypr": [
                45.4999885559082,
                0.4999998211860657,
                0.4999998211860657
            ],
            "scale": 0.9999998807907105,
            "enableCEPersistency": 0
        },
        {
            "name": "StaticObj_Wall_IndFnc2_Pole",
            "pos": [
                13509.400390625,
                14.326299667358399,
                11227.599609375
            ],
            "ypr": [
                -70.39999389648438,
                0.0,
                0.0
            ],
            "scale": 0.9999998807907105,
            "enableCEPersistency": 0
        },
        {
            "name": "Land_Mil_Tent_Big2_4",
            "pos": [
                13690.400390625,
                3.75,
                11175.099609375
            ],
            "ypr": [
                -9.899999618530274,
                0.6999953389167786,
                -2.9000000953674318
            ],
            "scale": 0.9999992847442627,
            "enableCEPersistency": 0
        },
        {
            "name": "StaticObj_Decon_HazmatBag_01_F",
            "pos": [
                13710.1201171875,
                2.0562338829040529,
                11168.609375
            ],
            "ypr": [
                0.0,
                0.0,
                -0.0
            ],
            "scale": 1.0,
            "enableCEPersistency": 0
        },
        {
            "name": "StaticObj_Decon_HazmatBag_01_roll_F",
            "pos": [
                13699.099609375,
                2.4000000953674318,
                11176.7001953125
            ],
            "ypr": [
                -144.99996948242188,
                77.39794921875,
                -179.99989318847657
            ],
            "scale": 0.9999992847442627,
            "enableCEPersistency": 0
        },
        {
            "name": "StaticObj_Garbage_GroundSq_5m_NoLC",
            "pos": [
                13701.2001953125,
                1.9118399620056153,
                11176.7001953125
            ],
            "ypr": [
                0.0,
                0.0,
                -0.0
            ],
            "scale": 1.0,
            "enableCEPersistency": 0
        },
        {
            "name": "StaticObj_Garbage_Ground_6m_NoLC",
            "pos": [
                13709.177734375,
                1.8597421646118165,
                11182.5966796875
            ],
            "ypr": [
                90.0,
                0.0,
                0.0
            ],
            "scale": 1.0,
            "enableCEPersistency": 0
        },
        {
            "name": "StaticObj_Garbage_Ground_6m_NoLC",
            "pos": [
                13746.2001953125,
                4.5044097900390629,
                11222.7001953125
            ],
            "ypr": [
                0.0,
                6.999983787536621,
                0.0
            ],
            "scale": 0.9999997615814209,
            "enableCEPersistency": 0
        },
        {
            "name": "StaticObj_Garbage_GroundSq_5m",
            "pos": [
                13825.486328125,
                3.207127571105957,
                11152.70703125
            ],
            "ypr": [
                0.0,
                0.0,
                -0.0
            ],
            "scale": 1.0,
            "enableCEPersistency": 0
        },
        {
            "name": "StaticObj_Garbage_Ground_6m_NoLC",
            "pos": [
                13806.099609375,
                1.7000000476837159,
                11151.599609375
            ],
            "ypr": [
                69.99999237060547,
                -1.1999963521957398,
                0.0
            ],
            "scale": 0.9999997615814209,
            "enableCEPersistency": 0
        },
        {
            "name": "Land_Container_1Moh",
            "pos": [
                13739.5,
                1.600000023841858,
                11146.0
            ],
            "ypr": [
                0.0,
                0.4999977946281433,
                3.499999523162842
            ],
            "scale": 0.9999995231628418,
            "enableCEPersistency": 0
        },
        {
            "name": "StaticObj_Rubble_Glass",
            "pos": [
                13483.14453125,
                11.199758529663086,
                11165.0244140625
            ],
            "ypr": [
                0.0,
                0.0,
                -0.0
            ],
            "scale": 1.0,
            "enableCEPersistency": 0
        },
        {
            "name": "Land_Mil_Tower_Small",
            "pos": [
                13479.7998046875,
                13.100000381469727,
                11137.099609375
            ],
            "ypr": [
                -72.5,
                0.0,
                0.0
            ],
            "scale": 1.0,
            "enableCEPersistency": 0
        },
        {
            "name": "StaticObj_Garbage_GroundSq_3m",
            "pos": [
                13571.5224609375,
                7.44129753112793,
                11123.912109375
            ],
            "ypr": [
                0.0,
                0.0,
                -0.0
            ],
            "scale": 1.0,
            "enableCEPersistency": 0
        },
        {
            "name": "Land_Container_1Mo_DE",
            "pos": [
                13833.400390625,
                14.850000381469727,
                11159.099609375
            ],
            "ypr": [
                168.3999786376953,
                0.0,
                7.5
            ],
            "scale": 0.9999983310699463,
            "enableCEPersistency": 0
        },
        {
            "name": "Land_Container_1Mo_DE",
            "pos": [
                13796.900390625,
                5.221700191497803,
                11165.599609375
            ],
            "ypr": [
                176.4999542236328,
                -6.0,
                3.9999985694885256
            ],
            "scale": 1.0,
            "enableCEPersistency": 0
        },
        {
            "name": "Land_Container_1Mo_DE",
            "pos": [
                13855.0,
                15.5,
                11160.599609375
            ],
            "ypr": [
                -11.800000190734864,
                -0.09999977052211762,
                -22.200000762939454
            ],
            "scale": 0.9999998211860657,
            "enableCEPersistency": 0
        },
        {
            "name": "WoodenCrate",
            "pos": [
                13584.5,
                6.807340145111084,
                11144.0
            ],
            "ypr": [
                0.0,
                0.0,
                -0.0
            ],
            "scale": 1.0,
            "enableCEPersistency": 0
        },
        {
            "name": "bldr_prop_BarrelHoles_Blue",
            "pos": [
                13570.2001953125,
                6.136549949645996,
                11123.2001953125
            ],
            "ypr": [
                0.0,
                1.100000023841858,
                0.0
            ],
            "scale": 1.0,
            "enableCEPersistency": 0
        },
        {
            "name": "StaticObj_Wreck_Mi8",
            "pos": [
                13683.7998046875,
                3.200000047683716,
                11156.2998046875
            ],
            "ypr": [
                18.499998092651368,
                -1.999989628791809,
                12.499998092651368
            ],
            "scale": 0.9999998807907105,
            "enableCEPersistency": 0
        },
        {
            "name": "StaticObj_Wreck_UH1Y",
            "pos": [
                13828.099609375,
                14.600000381469727,
                11148.2998046875
            ],
            "ypr": [
                57.69999313354492,
                4.9995880126953129,
                -106.0
            ],
            "scale": 0.9999996423721314,
            "enableCEPersistency": 0
        }
    ]
}