<?xml version="1.0" encoding="UTF-8" standalone="yes"?>
<types>
  <type name="TCP_CoyoteBagUmbrella">
    <nominal>0</nominal>
    <lifetime>7200</lifetime>
    <restock>0</restock>
    <min>0</min>
    <quantmin>-1</quantmin>
    <quantmax>-1</quantmax>
    <cost>100</cost>
    <flags count_in_cargo="0" count_in_hoarder="0" count_in_map="1" count_in_player="0" crafted="0" deloot="0" />
    <category name="containers" />
  </type>
  <type name="TCP_DryBagUmbrella">
    <nominal>0</nominal>
    <lifetime>7200</lifetime>
    <restock>7200</restock>
    <min>0</min>
    <quantmin>-1</quantmin>
    <quantmax>-1</quantmax>
    <cost>100</cost>
    <flags count_in_cargo="0" count_in_hoarder="0" count_in_map="1" count_in_player="0" crafted="0" deloot="0" />
    <category name="containers" />
  </type>
  <type name="TCP_HatUmbrella">
    <nominal>0</nominal>
    <lifetime>7200</lifetime>
    <restock>7200</restock>
    <min>0</min>
    <quantmin>-1</quantmin>
    <quantmax>-1</quantmax>
    <cost>100</cost>
    <flags count_in_cargo="0" count_in_hoarder="0" count_in_map="1" count_in_player="0" crafted="0" deloot="0" />
    <category name="clothes" />
  </type>
  <type name="TCP_UmbrellaBeret">
    <nominal>0</nominal>
    <lifetime>7200</lifetime>
    <restock>7200</restock>
    <min>0</min>
    <quantmin>-1</quantmin>
    <quantmax>-1</quantmax>
    <cost>100</cost>
    <flags count_in_cargo="0" count_in_hoarder="0" count_in_map="1" count_in_player="0" crafted="0" deloot="0" />
    <category name="clothes" />
    <usage name="Military" />
  </type>
  <type name="TCP_UmbrellaBoots">
    <nominal>0</nominal>
    <lifetime>7200</lifetime>
    <restock>7200</restock>
    <min>0</min>
    <quantmin>-1</quantmin>
    <quantmax>-1</quantmax>
    <cost>100</cost>
    <flags count_in_cargo="0" count_in_hoarder="0" count_in_map="1" count_in_player="0" crafted="0" deloot="0" />
    <category name="clothes" />
  </type>
  <type name="TCP_UmbrellaGloves">
    <nominal>0</nominal>
    <lifetime>7200</lifetime>
    <restock>7200</restock>
    <min>0</min>
    <quantmin>-1</quantmin>
    <quantmax>-1</quantmax>
    <cost>100</cost>
    <flags count_in_cargo="0" count_in_hoarder="0" count_in_map="1" count_in_player="0" crafted="0" deloot="0" />
    <category name="clothes" />
  </type>
  <type name="TCP_UmbrellaJacket">
    <nominal>0</nominal>
    <lifetime>7200</lifetime>
    <restock>7200</restock>
    <min>0</min>
    <quantmin>-1</quantmin>
    <quantmax>-1</quantmax>
    <cost>100</cost>
    <flags count_in_cargo="0" count_in_hoarder="0" count_in_map="1" count_in_player="0" crafted="0" deloot="0" />
    <category name="clothes" />
    <usage name="Hunting" />
  </type>
  
  <type name="TCP_UmbrellaPants">
    <nominal>0</nominal>
    <lifetime>7200</lifetime>
    <restock>7200</restock>
    <min>0</min>
    <quantmin>-1</quantmin>
    <quantmax>-1</quantmax>
    <cost>100</cost>
    <flags count_in_cargo="0" count_in_hoarder="0" count_in_map="1" count_in_player="0" crafted="0" deloot="0" />
    <category name="clothes" />
  </type>
  <type name="TCP_UmbrellaPlateCarrier">
    <nominal>0</nominal>
    <lifetime>7200</lifetime>
    <restock>7200</restock>
    <min>0</min>
    <quantmin>-1</quantmin>
    <quantmax>-1</quantmax>
    <cost>100</cost>
    <flags count_in_cargo="0" count_in_hoarder="0" count_in_map="1" count_in_player="0" crafted="0" deloot="0" />
    <category name="clothes" />
    <usage name="Military" />
  </type>
  <type name="TCP_UmbrellaPlateCarrierHolster">
    <nominal>0</nominal>
    <lifetime>7200</lifetime>
    <restock>7200</restock>
    <min>0</min>
    <quantmin>-1</quantmin>
    <quantmax>-1</quantmax>
    <cost>100</cost>
    <flags count_in_cargo="0" count_in_hoarder="0" count_in_map="1" count_in_player="0" crafted="0" deloot="0" />
    <category name="clothes" />
    <usage name="Military" />
  </type>
  <type name="TCP_UmbrellaPouches">
    <nominal>0</nominal>
    <lifetime>7200</lifetime>
    <restock>7200</restock>
    <min>0</min>
    <quantmin>-1</quantmin>
    <quantmax>-1</quantmax>
    <cost>100</cost>
    <flags count_in_cargo="0" count_in_hoarder="0" count_in_map="1" count_in_player="0" crafted="0" deloot="0" />
    <category name="clothes" />
    <usage name="Military" />
  </type>
  <type name="TCP_UmbrellaVest">
    <nominal>0</nominal>
    <lifetime>7200</lifetime>
    <restock>7200</restock>
    <min>0</min>
    <quantmin>-1</quantmin>
    <quantmax>-1</quantmax>
    <cost>100</cost>
    <flags count_in_cargo="0" count_in_hoarder="0" count_in_map="1" count_in_player="0" crafted="0" deloot="0" />
    <category name="clothes" />
    <usage name="Military" />
  </type>
</types>