<?xml version="1.0" encoding="UTF-8" standalone="yes"?>
<events>
  <event name="InfectedClowns">
    <nominal>4</nominal>
    <min>1</min>
    <max>4</max>
    <lifetime>180</lifetime>
    <restock>0</restock>
    <saferadius>100</saferadius>
    <distanceradius>0</distanceradius>
    <cleanupradius>100</cleanupradius>
    <flags deletable="0" init_random="0" remove_damaged="1" />
    <position>fixed</position>
    <limit>child</limit>
    <active>1</active>
    <children>
      <child lootmax="5" lootmin="1" max="0" min="5" type="CDAJ_ZmbM_Clown" />
    </children>
  </event>
  <event name="InfectedHaunted">
    <nominal>10</nominal>
    <min>5</min>
    <max>10</max>
    <lifetime>180</lifetime>
    <restock>0</restock>
    <saferadius>50</saferadius>
    <distanceradius>100</distanceradius>
    <cleanupradius>100</cleanupradius>
    <flags deletable="0" init_random="0" remove_damaged="1" />
    <position>fixed</position>
    <limit>child</limit>
    <active>1</active>
    <children>
      <child lootmax="5" lootmin="0" max="0" min="10" type="ZmbM_Mummy" />
      <child lootmax="5" lootmin="0" max="0" min="15" type="ZmbM_HermitSkinny_Black" />
      <child lootmax="5" lootmin="0" max="0" min="2" type="CDAJ_ZmbM_Dark_Heavy" />
      <child lootmax="5" lootmin="0" max="0" min="1" type="CDAJ_ZmbM_Demon" />
      <child lootmax="5" lootmin="0" max="0" min="3" type="CDAJ_ZmbM_TribeDemon" />
      <child lootmax="5" lootmin="0" max="0" min="3" type="CDAJ_ZmbM_TribeDemon_Pale" />
      <child lootmax="5" lootmin="0" max="0" min="3" type="CDAJ_ZmbM_TribeDemon_White" />
      <child lootmax="5" lootmin="0" max="0" min="3" type="CDAJ_ZmbM_Mutant_Bloody" />
      <child lootmax="5" lootmin="0" max="0" min="3" type="CDAJ_ZmbM_Mutant_Pale" />
      <child lootmax="5" lootmin="0" max="0" min="3" type="CDAJ_ZmbM_Mutant" />
    </children>
  </event>
  <event name="InfectedNBC">
    <nominal>50</nominal>
    <min>25</min>
    <max>250</max>
    <lifetime>3</lifetime>
    <restock>0</restock>
    <saferadius>100</saferadius>
    <distanceradius>50</distanceradius>
    <cleanupradius>100</cleanupradius>
    <flags deletable="0" init_random="0" remove_damaged="1" />
    <position>player</position>
    <limit>custom</limit>
    <active>1</active>
    <children>
      <child lootmax="5" lootmin="0" max="0" min="3" type="ZmbM_NBC_Grey" />
      <child lootmax="5" lootmin="0" max="0" min="3" type="ZmbM_NBC_Yellow" />
      <child lootmax="5" lootmin="0" max="0" min="3" type="CDAJ_ZmbM_NBC_Red" />
      <child lootmax="5" lootmin="0" max="0" min="3" type="CDAJ_ZmbM_NBC_BlueLight" />
      <child lootmax="5" lootmin="0" max="0" min="3" type="CDAJ_ZmbM_NBC_Green" />
      <child lootmax="5" lootmin="0" max="0" min="3" type="CDAJ_ZmbM_NBC_Rainbow" />
      <child lootmax="5" lootmin="0" max="0" min="3" type="CDAJ_ZmbM_NBC_Space" />
      <child lootmax="5" lootmin="0" max="0" min="3" type="CDAJ_ZmbM_NBC_ERDL" />
    </children>
  </event>
</events>