<?xml version="1.0" encoding="UTF-8" standalone="yes"?>
<types>
  <type name="TCP_CoyoteBagUmbrella">
    <nominal>0</nominal>
    <lifetime>7200</lifetime>
    <restock>0</restock>
    <min>0</min>
    <quantmin>-1</quantmin>
    <quantmax>-1</quantmax>
    <cost>100</cost>
    <flags count_in_cargo="0" count_in_hoarder="0" count_in_map="0" count_in_player="0" crafted="0" deloot="0" />
    <category name="containers" />
  </type>
  <type name="TCP_DryBagUmbrella">
    <nominal>3</nominal>
    <lifetime>28800</lifetime>
    <restock>0</restock>
    <min>1</min>
    <quantmin>-1</quantmin>
    <quantmax>-1</quantmax>
    <cost>100</cost>
    <flags count_in_cargo="0" count_in_hoarder="0" count_in_map="0" count_in_player="0" crafted="0" deloot="0" />
    <category name="containers" />
    <usage name="Town" />
    <usage name="Village" />
  </type>
  <type name="TCP_HatUmbrella">
    <nominal>3</nominal>
    <lifetime>14400</lifetime>
    <restock>0</restock>
    <min>1</min>
    <quantmin>-1</quantmin>
    <quantmax>-1</quantmax>
    <cost>100</cost>
    <flags count_in_cargo="0" count_in_hoarder="0" count_in_map="1" count_in_player="0" crafted="0" deloot="0" />
    <category name="clothes" />
    <usage name="Town" />
    <usage name="Village" />
    <tag name="shelves" />
  </type>
  <type name="TCP_UmbrellaBeret">
    <nominal>3</nominal>
    <lifetime>14400</lifetime>
    <restock>0</restock>
    <min>1</min>
    <quantmin>-1</quantmin>
    <quantmax>-1</quantmax>
    <cost>100</cost>
    <flags count_in_cargo="0" count_in_hoarder="0" count_in_map="1" count_in_player="0" crafted="0" deloot="0" />
    <category name="clothes" />
    <usage name="Military" />
  </type>
  <type name="TCP_UmbrellaBoots">
    <nominal>3</nominal>
    <lifetime>14400</lifetime>
    <restock>0</restock>
    <min>1</min>
    <quantmin>-1</quantmin>
    <quantmax>-1</quantmax>
    <cost>100</cost>
    <flags count_in_cargo="0" count_in_hoarder="0" count_in_map="1" count_in_player="0" crafted="0" deloot="0" />
    <category name="clothes" />
    <usage name="Town" />
    <usage name="Village" />
    <tag name="shelves" />
  </type>
  <type name="TCP_UmbrellaGloves">
    <nominal>3</nominal>
    <lifetime>14400</lifetime>
    <restock>0</restock>
    <min>1</min>
    <quantmin>-1</quantmin>
    <quantmax>-1</quantmax>
    <cost>100</cost>
    <flags count_in_cargo="0" count_in_hoarder="0" count_in_map="1" count_in_player="0" crafted="0" deloot="0" />
    <category name="clothes" />
    <usage name="Town" />
    <usage name="Village" />
    <tag name="shelves" />
  </type>
  <type name="TCP_UmbrellaJacket">
    <nominal>3</nominal>
    <lifetime>14400</lifetime>
    <restock>0</restock>
    <min>1</min>
    <quantmin>-1</quantmin>
    <quantmax>-1</quantmax>
    <cost>100</cost>
    <flags count_in_cargo="0" count_in_hoarder="0" count_in_map="1" count_in_player="0" crafted="0" deloot="0" />
    <category name="clothes" />
    <usage name="Hunting" />
    <tag name="shelves" />
  </type>
  <type name="TCP_UmbrellaMountainBag">
    <nominal>3</nominal>
    <lifetime>14400</lifetime>
    <restock>0</restock>
    <min>1</min>
    <quantmin>-1</quantmin>
    <quantmax>-1</quantmax>
    <cost>100</cost>
    <flags count_in_cargo="0" count_in_hoarder="0" count_in_map="1" count_in_player="0" crafted="0" deloot="0" />
    <category name="clothes" />
    <usage name="Military" />
  </type>
  <type name="TCP_UmbrellaPants">
    <nominal>3</nominal>
    <lifetime>14400</lifetime>
    <restock>0</restock>
    <min>1</min>
    <quantmin>-1</quantmin>
    <quantmax>-1</quantmax>
    <cost>100</cost>
    <flags count_in_cargo="0" count_in_hoarder="0" count_in_map="1" count_in_player="0" crafted="0" deloot="0" />
    <category name="clothes" />
    <usage name="Town" />
    <usage name="Village" />
    <tag name="shelves" />
  </type>
  <type name="TCP_UmbrellaPlateCarrier">
    <nominal>3</nominal>
    <lifetime>14400</lifetime>
    <restock>0</restock>
    <min>1</min>
    <quantmin>-1</quantmin>
    <quantmax>-1</quantmax>
    <cost>100</cost>
    <flags count_in_cargo="0" count_in_hoarder="0" count_in_map="1" count_in_player="0" crafted="0" deloot="0" />
    <category name="clothes" />
    <usage name="Military" />
  </type>
  <type name="TCP_UmbrellaPlateCarrierHolster">
    <nominal>3</nominal>
    <lifetime>14400</lifetime>
    <restock>0</restock>
    <min>1</min>
    <quantmin>-1</quantmin>
    <quantmax>-1</quantmax>
    <cost>100</cost>
    <flags count_in_cargo="0" count_in_hoarder="0" count_in_map="1" count_in_player="0" crafted="0" deloot="0" />
    <category name="clothes" />
    <usage name="Military" />
  </type>
  <type name="TCP_UmbrellaPouches">
    <nominal>3</nominal>
    <lifetime>14400</lifetime>
    <restock>0</restock>
    <min>1</min>
    <quantmin>-1</quantmin>
    <quantmax>-1</quantmax>
    <cost>100</cost>
    <flags count_in_cargo="0" count_in_hoarder="0" count_in_map="1" count_in_player="0" crafted="0" deloot="0" />
    <category name="clothes" />
    <usage name="Military" />
  </type>
  <type name="TCP_UmbrellaVest">
    <nominal>3</nominal>
    <lifetime>14400</lifetime>
    <restock>0</restock>
    <min>1</min>
    <quantmin>-1</quantmin>
    <quantmax>-1</quantmax>
    <cost>100</cost>
    <flags count_in_cargo="0" count_in_hoarder="0" count_in_map="1" count_in_player="0" crafted="0" deloot="0" />
    <category name="clothes" />
    <usage name="Military" />
  </type>
</types>