<?xml version="1.0" encoding="UTF-8" standalone="yes"?>
<types>
  <type name="DNA_Crate_Purple">
    <nominal>0</nominal>
    <lifetime>0</lifetime>
    <restock>0</restock>
    <min>0</min>
    <quantmin>0</quantmin>
    <quantmax>0</quantmax>
    <cost>0</cost>
    <flags count_in_cargo="0" count_in_hoarder="0" count_in_map="1" count_in_player="0" crafted="0" deloot="0" />
    <category name="weapons" />
  </type>
  <type name="DNA_Crate_Red">
    <lifetime>14400</lifetime>
    <flags count_in_cargo="0" count_in_hoarder="0" count_in_map="1" count_in_player="0" crafted="0" deloot="0" />
  </type>
  <type name="DNA_Crate_Yellow">
    <lifetime>14400</lifetime>
    <flags count_in_cargo="0" count_in_hoarder="0" count_in_map="1" count_in_player="0" crafted="0" deloot="0" />
    <category name="containers" />
  </type>
  <type name="DNA_KeyCard_blue_Inactive">
    <nominal>0</nominal>
    <lifetime>28800</lifetime>
    <restock>0</restock>
    <min>0</min>
    <quantmin>0</quantmin>
    <quantmax>0</quantmax>
    <cost>100</cost>
    <flags count_in_cargo="0" count_in_hoarder="0" count_in_map="1" count_in_player="0" crafted="0" deloot="0" />
    <category name="weapons" />
  </type>
  <type name="DNA_KeyCard_Purple_inactive">
    <nominal>5</nominal>
    <lifetime>7200</lifetime>
    <restock>100</restock>
    <min>5</min>
    <quantmin>2</quantmin>
    <quantmax>4</quantmax>
    <cost>100</cost>
    <flags count_in_cargo="0" count_in_hoarder="0" count_in_map="1" count_in_player="0" crafted="0" deloot="0" />
    <category name="weapons" />
    <usage name="ContaminatedArea" />
    <usage name="Military" />
    <value name="Tier4" />
  </type>
  <type name="DNA_KeyCard_Red">
    <lifetime>14400</lifetime>
    <flags count_in_cargo="0" count_in_hoarder="0" count_in_map="1" count_in_player="0" crafted="0" deloot="0" />
  </type>
  <type name="DNA_KeyCard_Red_Inactive">
    <nominal>2</nominal>
    <lifetime>28800</lifetime>
    <restock>100</restock>
    <min>2</min>
    <quantmin>1</quantmin>
    <quantmax>4</quantmax>
    <cost>100</cost>
    <flags count_in_cargo="1" count_in_hoarder="1" count_in_map="1" count_in_player="1" crafted="0" deloot="0" />
    <category name="weapons" />
    <usage name="ContaminatedArea" />
    <usage name="Military" />
    <value name="Tier4" />
    <value name="Unique" />
  </type>
  <type name="DNA_KeyCard_Yellow">
    <lifetime>14400</lifetime>
    <flags count_in_cargo="0" count_in_hoarder="0" count_in_map="1" count_in_player="0" crafted="0" deloot="0" />
  </type>
  <type name="DNA_KeyCard_Yellow_Inactive">
    <nominal>8</nominal>
    <lifetime>28800</lifetime>
    <restock>4</restock>
    <min>2</min>
    <quantmin>2</quantmin>
    <quantmax>8</quantmax>
    <cost>100</cost>
    <flags count_in_cargo="0" count_in_hoarder="0" count_in_map="1" count_in_player="0" crafted="0" deloot="0" />
    <category name="weapons" />
    <usage name="ContaminatedArea" />
    <usage name="Military" />
    <usage name="Prison" />
    <value name="Tier1" />
    <value name="Tier2" />
  </type>
  <type name="DNA_KeyCard_green_Inactive">
    <nominal>0</nominal>
    <lifetime>0</lifetime>
    <restock>0</restock>
    <min>0</min>
    <quantmin>0</quantmin>
    <quantmax>0</quantmax>
    <cost>0</cost>
    <flags count_in_cargo="0" count_in_hoarder="0" count_in_map="1" count_in_player="0" crafted="0" deloot="0" />
    <category name="weapons" />
  </type>
</types>