<?xml version="1.0" encoding="UTF-8" standalone="yes"?>
<types>
  <type name="AD_ACOG">
    <nominal>5</nominal>
    <lifetime>7200</lifetime>
    <restock>1800</restock>
    <min>3</min>
    <quantmin>-1</quantmin>
    <quantmax>-1</quantmax>
    <cost>100</cost>
    <flags count_in_cargo="0" count_in_hoarder="0" count_in_map="1" count_in_player="0" crafted="0" deloot="0" />
    <category name="weapons" />
    <usage name="ContaminatedArea" />
    <usage name="Hunting" />
    <usage name="Lunapark" />
    <usage name="Military" />
    <usage name="Police" />
    <tag name="floor" />
    <tag name="ground" />
    <tag name="shelves" />
    <value name="Tier2" />
    <value name="Tier3" />
  </type>
  <type name="AD_ACOG_B13">
    <nominal>0</nominal>
    <lifetime>7200</lifetime>
    <restock>1800</restock>
    <min>0</min>
    <quantmin>-1</quantmin>
    <quantmax>-1</quantmax>
    <cost>100</cost>
    <flags count_in_cargo="0" count_in_hoarder="0" count_in_map="1" count_in_player="0" crafted="0" deloot="0" />
    <category name="weapons" />
    <usage name="ContaminatedArea" />
    <usage name="Hunting" />
    <usage name="Lunapark" />
    <usage name="Military" />
    <usage name="Police" />
    <tag name="floor" />
    <tag name="ground" />
    <tag name="shelves" />
    <value name="Tier2" />
    <value name="Tier3" />
  </type>
  <type name="AD_ACOG_MosinMount">
    <nominal>0</nominal>
    <lifetime>7200</lifetime>
    <restock>1800</restock>
    <min>0</min>
    <quantmin>-1</quantmin>
    <quantmax>-1</quantmax>
    <cost>100</cost>
    <flags count_in_cargo="0" count_in_hoarder="0" count_in_map="1" count_in_player="0" crafted="0" deloot="0" />
    <category name="weapons" />
    <usage name="ContaminatedArea" />
    <usage name="Hunting" />
    <usage name="Lunapark" />
    <usage name="Military" />
    <usage name="Police" />
    <tag name="floor" />
    <tag name="ground" />
    <tag name="shelves" />
    <value name="Tier2" />
    <value name="Tier3" />
  </type>
  <type name="AD_ACOG_RMR">
    <nominal>2</nominal>
    <lifetime>10800</lifetime>
    <restock>1800</restock>
    <min>1</min>
    <quantmin>-1</quantmin>
    <quantmax>-1</quantmax>
    <cost>100</cost>
    <flags count_in_cargo="0" count_in_hoarder="0" count_in_map="1" count_in_player="0" crafted="0" deloot="0" />
    <category name="weapons" />
    <usage name="ContaminatedArea" />
    <usage name="Hunting" />
    <usage name="Lunapark" />
    <usage name="Military" />
    <usage name="Police" />
    <tag name="floor" />
    <tag name="ground" />
    <tag name="shelves" />
    <value name="Tier2" />
    <value name="Tier4" />
  </type>
  <type name="AD_ACOG_RMR_B13">
    <nominal>0</nominal>
    <lifetime>10800</lifetime>
    <restock>1800</restock>
    <min>0</min>
    <quantmin>-1</quantmin>
    <quantmax>-1</quantmax>
    <cost>100</cost>
    <flags count_in_cargo="0" count_in_hoarder="0" count_in_map="1" count_in_player="0" crafted="0" deloot="0" />
    <category name="weapons" />
    <usage name="ContaminatedArea" />
    <usage name="Hunting" />
    <usage name="Lunapark" />
    <usage name="Military" />
    <usage name="Police" />
    <tag name="floor" />
    <tag name="ground" />
    <tag name="shelves" />
    <value name="Tier2" />
    <value name="Tier4" />
  </type>
  <type name="AD_ACOG_RMR_MosinMount">
    <nominal>0</nominal>
    <lifetime>10800</lifetime>
    <restock>1800</restock>
    <min>0</min>
    <quantmin>-1</quantmin>
    <quantmax>-1</quantmax>
    <cost>100</cost>
    <flags count_in_cargo="0" count_in_hoarder="0" count_in_map="1" count_in_player="0" crafted="0" deloot="0" />
    <category name="weapons" />
    <usage name="ContaminatedArea" />
    <usage name="Hunting" />
    <usage name="Lunapark" />
    <usage name="Military" />
    <usage name="Police" />
    <tag name="floor" />
    <tag name="ground" />
    <tag name="shelves" />
    <value name="Tier2" />
    <value name="Tier4" />
  </type>
  <type name="AD_B13Mount">
    <nominal>5</nominal>
    <lifetime>7200</lifetime>
    <restock>1800</restock>
    <min>3</min>
    <quantmin>-1</quantmin>
    <quantmax>-1</quantmax>
    <cost>100</cost>
    <flags count_in_cargo="0" count_in_hoarder="0" count_in_map="1" count_in_player="0" crafted="0" deloot="0" />
    <category name="weapons" />
    <usage name="ContaminatedArea" />
    <usage name="Hunting" />
    <usage name="Lunapark" />
    <usage name="Military" />
    <usage name="Police" />
    <tag name="floor" />
    <tag name="ground" />
    <tag name="shelves" />
    <value name="Tier2" />
    <value name="Tier3" />
    <value name="Tier4" />
  </type>
  <type name="AD_DHF5">
    <nominal>3</nominal>
    <lifetime>7200</lifetime>
    <restock>1800</restock>
    <min>2</min>
    <quantmin>-1</quantmin>
    <quantmax>-1</quantmax>
    <cost>100</cost>
    <flags count_in_cargo="0" count_in_hoarder="0" count_in_map="1" count_in_player="0" crafted="0" deloot="0" />
    <category name="weapons" />
    <usage name="ContaminatedArea" />
    <usage name="Hunting" />
    <usage name="Lunapark" />
    <usage name="Military" />
    <usage name="Police" />
    <tag name="floor" />
    <tag name="ground" />
    <tag name="shelves" />
    <value name="Tier2" />
    <value name="Tier3" />
  </type>
  <type name="AD_DHF5_B13">
    <nominal>0</nominal>
    <lifetime>7200</lifetime>
    <restock>1800</restock>
    <min>0</min>
    <quantmin>-1</quantmin>
    <quantmax>-1</quantmax>
    <cost>100</cost>
    <flags count_in_cargo="0" count_in_hoarder="0" count_in_map="1" count_in_player="0" crafted="0" deloot="0" />
    <category name="weapons" />
    <usage name="ContaminatedArea" />
    <usage name="Hunting" />
    <usage name="Lunapark" />
    <usage name="Military" />
    <usage name="Police" />
    <tag name="floor" />
    <tag name="ground" />
    <tag name="shelves" />
    <value name="Tier2" />
    <value name="Tier3" />
  </type>
  <type name="AD_DHF5_MosinMount">
    <nominal>0</nominal>
    <lifetime>7200</lifetime>
    <restock>1800</restock>
    <min>0</min>
    <quantmin>-1</quantmin>
    <quantmax>-1</quantmax>
    <cost>100</cost>
    <flags count_in_cargo="0" count_in_hoarder="0" count_in_map="1" count_in_player="0" crafted="0" deloot="0" />
    <category name="weapons" />
    <usage name="ContaminatedArea" />
    <usage name="Hunting" />
    <usage name="Lunapark" />
    <usage name="Military" />
    <usage name="Police" />
    <tag name="floor" />
    <tag name="ground" />
    <tag name="shelves" />
    <value name="Tier2" />
    <value name="Tier3" />
  </type>
  <type name="AD_G33">
    <nominal>2</nominal>
    <lifetime>7200</lifetime>
    <restock>1800</restock>
    <min>1</min>
    <quantmin>-1</quantmin>
    <quantmax>-1</quantmax>
    <cost>100</cost>
    <flags count_in_cargo="0" count_in_hoarder="0" count_in_map="1" count_in_player="0" crafted="0" deloot="0" />
    <category name="weapons" />
    <usage name="ContaminatedArea" />
    <usage name="Hunting" />
    <usage name="Lunapark" />
    <usage name="Military" />
    <usage name="Police" />
    <tag name="floor" />
    <tag name="ground" />
    <tag name="shelves" />
    <value name="Tier2" />
    <value name="Tier3" />
    <value name="Tier4" />
  </type>
  <type name="AD_G33_B13">
    <nominal>0</nominal>
    <lifetime>7200</lifetime>
    <restock>1800</restock>
    <min>0</min>
    <quantmin>-1</quantmin>
    <quantmax>-1</quantmax>
    <cost>100</cost>
    <flags count_in_cargo="0" count_in_hoarder="0" count_in_map="1" count_in_player="0" crafted="0" deloot="0" />
    <category name="weapons" />
    <usage name="ContaminatedArea" />
    <usage name="Hunting" />
    <usage name="Lunapark" />
    <usage name="Military" />
    <usage name="Police" />
    <tag name="floor" />
    <tag name="ground" />
    <tag name="shelves" />
    <value name="Tier2" />
    <value name="Tier3" />
    <value name="Tier4" />
  </type>
  <type name="AD_G33_MosinMount">
    <nominal>0</nominal>
    <lifetime>7200</lifetime>
    <restock>1800</restock>
    <min>0</min>
    <quantmin>-1</quantmin>
    <quantmax>-1</quantmax>
    <cost>100</cost>
    <flags count_in_cargo="0" count_in_hoarder="0" count_in_map="1" count_in_player="0" crafted="0" deloot="0" />
    <category name="weapons" />
    <usage name="ContaminatedArea" />
    <usage name="Hunting" />
    <usage name="Lunapark" />
    <usage name="Military" />
    <usage name="Police" />
    <tag name="floor" />
    <tag name="ground" />
    <tag name="shelves" />
    <value name="Tier2" />
    <value name="Tier3" />
    <value name="Tier4" />
  </type>
  <type name="AD_LeupoldMk4">
    <nominal>3</nominal>
    <lifetime>7200</lifetime>
    <restock>1800</restock>
    <min>2</min>
    <quantmin>-1</quantmin>
    <quantmax>-1</quantmax>
    <cost>100</cost>
    <flags count_in_cargo="0" count_in_hoarder="0" count_in_map="1" count_in_player="0" crafted="0" deloot="0" />
    <category name="weapons" />
    <usage name="ContaminatedArea" />
    <usage name="Hunting" />
    <usage name="Lunapark" />
    <usage name="Military" />
    <usage name="Police" />
    <tag name="floor" />
    <tag name="ground" />
    <tag name="shelves" />
    <value name="Tier2" />
    <value name="Tier3" />
  </type>
  <type name="AD_LeupoldMk4_B13">
    <nominal>0</nominal>
    <lifetime>7200</lifetime>
    <restock>1800</restock>
    <min>0</min>
    <quantmin>-1</quantmin>
    <quantmax>-1</quantmax>
    <cost>100</cost>
    <flags count_in_cargo="0" count_in_hoarder="0" count_in_map="1" count_in_player="0" crafted="0" deloot="0" />
    <category name="weapons" />
    <usage name="ContaminatedArea" />
    <usage name="Hunting" />
    <usage name="Lunapark" />
    <usage name="Military" />
    <usage name="Police" />
    <tag name="floor" />
    <tag name="ground" />
    <tag name="shelves" />
    <value name="Tier2" />
    <value name="Tier3" />
  </type>
  <type name="AD_LeupoldMk4_MosinMount">
    <nominal>0</nominal>
    <lifetime>7200</lifetime>
    <restock>1800</restock>
    <min>0</min>
    <quantmin>-1</quantmin>
    <quantmax>-1</quantmax>
    <cost>100</cost>
    <flags count_in_cargo="0" count_in_hoarder="0" count_in_map="1" count_in_player="0" crafted="0" deloot="0" />
    <category name="weapons" />
    <usage name="ContaminatedArea" />
    <usage name="Hunting" />
    <usage name="Lunapark" />
    <usage name="Military" />
    <usage name="Police" />
    <tag name="floor" />
    <tag name="ground" />
    <tag name="shelves" />
    <value name="Tier2" />
    <value name="Tier3" />
  </type>
  <type name="AD_M16A2">
    <nominal>0</nominal>
    <lifetime>10800</lifetime>
    <restock>1800</restock>
    <min>0</min>
    <quantmin>-1</quantmin>
    <quantmax>-1</quantmax>
    <cost>100</cost>
    <flags count_in_cargo="0" count_in_hoarder="0" count_in_map="1" count_in_player="0" crafted="0" deloot="0" />
    <category name="weapons" />
    <usage name="ContaminatedArea" />
    <usage name="Hunting" />
    <usage name="Lunapark" />
    <usage name="Military" />
    <usage name="Police" />
    <tag name="floor" />
    <tag name="ground" />
    <tag name="shelves" />
    <value name="Tier2" />
    <value name="Tier3" />
  </type>
  <type name="AD_MosinMount">
    <nominal>10</nominal>
    <lifetime>7200</lifetime>
    <restock>1800</restock>
    <min>5</min>
    <quantmin>-1</quantmin>
    <quantmax>-1</quantmax>
    <cost>100</cost>
    <flags count_in_cargo="0" count_in_hoarder="0" count_in_map="1" count_in_player="0" crafted="0" deloot="0" />
    <category name="weapons" />
    <usage name="ContaminatedArea" />
    <usage name="Hunting" />
    <usage name="Lunapark" />
    <usage name="Police" />
    <tag name="floor" />
    <tag name="ground" />
    <tag name="shelves" />
    <value name="Tier2" />
    <value name="Tier3" />
  </type>
  <type name="AD_MRS">
    <nominal>7</nominal>
    <lifetime>7200</lifetime>
    <restock>1800</restock>
    <min>5</min>
    <quantmin>-1</quantmin>
    <quantmax>-1</quantmax>
    <cost>100</cost>
    <flags count_in_cargo="0" count_in_hoarder="0" count_in_map="1" count_in_player="0" crafted="0" deloot="0" />
    <category name="weapons" />
    <usage name="ContaminatedArea" />
    <usage name="Hunting" />
    <usage name="Lunapark" />
    <usage name="Military" />
    <usage name="Police" />
    <tag name="floor" />
    <tag name="ground" />
    <tag name="shelves" />
    <value name="Tier2" />
    <value name="Tier3" />
    <value name="Tier4" />
  </type>
  <type name="AD_MRS_B13">
    <nominal>0</nominal>
    <lifetime>7200</lifetime>
    <restock>1800</restock>
    <min>0</min>
    <quantmin>-1</quantmin>
    <quantmax>-1</quantmax>
    <cost>100</cost>
    <flags count_in_cargo="0" count_in_hoarder="0" count_in_map="1" count_in_player="0" crafted="0" deloot="0" />
    <category name="weapons" />
    <usage name="ContaminatedArea" />
    <usage name="Hunting" />
    <usage name="Lunapark" />
    <usage name="Military" />
    <usage name="Police" />
    <tag name="floor" />
    <tag name="ground" />
    <tag name="shelves" />
    <value name="Tier2" />
    <value name="Tier3" />
    <value name="Tier4" />
  </type>
  <type name="AD_MRS_MosinMount">
    <nominal>0</nominal>
    <lifetime>7200</lifetime>
    <restock>1800</restock>
    <min>0</min>
    <quantmin>-1</quantmin>
    <quantmax>-1</quantmax>
    <cost>100</cost>
    <flags count_in_cargo="0" count_in_hoarder="0" count_in_map="1" count_in_player="0" crafted="0" deloot="0" />
    <category name="weapons" />
    <usage name="ContaminatedArea" />
    <usage name="Hunting" />
    <usage name="Lunapark" />
    <usage name="Military" />
    <usage name="Police" />
    <tag name="floor" />
    <tag name="ground" />
    <tag name="shelves" />
    <value name="Tier2" />
    <value name="Tier3" />
    <value name="Tier4" />
  </type>
  <type name="AD_NFATACR">
    <nominal>2</nominal>
    <lifetime>7200</lifetime>
    <restock>3600</restock>
    <min>1</min>
    <quantmin>-1</quantmin>
    <quantmax>-1</quantmax>
    <cost>100</cost>
    <flags count_in_cargo="0" count_in_hoarder="0" count_in_map="1" count_in_player="0" crafted="0" deloot="0" />
    <category name="weapons" />
    <usage name="ContaminatedArea" />
    <usage name="Hunting" />
    <usage name="Lunapark" />
    <usage name="Military" />
    <usage name="Police" />
    <tag name="floor" />
    <tag name="ground" />
    <tag name="shelves" />
    <value name="Tier2" />
    <value name="Tier4" />
  </type>
  <type name="AD_NFATACR_1_8">
    <nominal>2</nominal>
    <lifetime>7200</lifetime>
    <restock>3600</restock>
    <min>1</min>
    <quantmin>-1</quantmin>
    <quantmax>-1</quantmax>
    <cost>100</cost>
    <flags count_in_cargo="0" count_in_hoarder="0" count_in_map="1" count_in_player="0" crafted="0" deloot="0" />
    <category name="weapons" />
    <usage name="ContaminatedArea" />
    <usage name="Hunting" />
    <usage name="Lunapark" />
    <usage name="Military" />
    <usage name="Police" />
    <tag name="floor" />
    <tag name="ground" />
    <tag name="shelves" />
    <value name="Tier2" />
    <value name="Tier4" />
  </type>
  <type name="AD_NFATACR_1_8_B13">
    <nominal>0</nominal>
    <lifetime>7200</lifetime>
    <restock>3600</restock>
    <min>0</min>
    <quantmin>-1</quantmin>
    <quantmax>-1</quantmax>
    <cost>100</cost>
    <flags count_in_cargo="0" count_in_hoarder="0" count_in_map="1" count_in_player="0" crafted="0" deloot="0" />
    <category name="weapons" />
    <usage name="ContaminatedArea" />
    <usage name="Hunting" />
    <usage name="Lunapark" />
    <usage name="Military" />
    <usage name="Police" />
    <tag name="floor" />
    <tag name="ground" />
    <tag name="shelves" />
    <value name="Tier2" />
    <value name="Tier4" />
  </type>
  <type name="AD_NFATACR_1_8_MosinMount">
    <nominal>0</nominal>
    <lifetime>7200</lifetime>
    <restock>3600</restock>
    <min>0</min>
    <quantmin>-1</quantmin>
    <quantmax>-1</quantmax>
    <cost>100</cost>
    <flags count_in_cargo="0" count_in_hoarder="0" count_in_map="1" count_in_player="0" crafted="0" deloot="0" />
    <category name="weapons" />
    <usage name="ContaminatedArea" />
    <usage name="Hunting" />
    <usage name="Lunapark" />
    <usage name="Military" />
    <usage name="Police" />
    <tag name="floor" />
    <tag name="ground" />
    <tag name="shelves" />
    <value name="Tier2" />
    <value name="Tier4" />
  </type>
  <type name="AD_NFATACR_B13">
    <nominal>0</nominal>
    <lifetime>7200</lifetime>
    <restock>3600</restock>
    <min>0</min>
    <quantmin>-1</quantmin>
    <quantmax>-1</quantmax>
    <cost>100</cost>
    <flags count_in_cargo="0" count_in_hoarder="0" count_in_map="1" count_in_player="0" crafted="0" deloot="0" />
    <category name="weapons" />
    <usage name="ContaminatedArea" />
    <usage name="Hunting" />
    <usage name="Lunapark" />
    <usage name="Military" />
    <usage name="Police" />
    <tag name="floor" />
    <tag name="ground" />
    <tag name="shelves" />
    <value name="Tier2" />
    <value name="Tier4" />
  </type>
  <type name="AD_NFATACR_MosinMount">
    <nominal>0</nominal>
    <lifetime>7200</lifetime>
    <restock>3600</restock>
    <min>0</min>
    <quantmin>-1</quantmin>
    <quantmax>-1</quantmax>
    <cost>100</cost>
    <flags count_in_cargo="0" count_in_hoarder="0" count_in_map="1" count_in_player="0" crafted="0" deloot="0" />
    <category name="weapons" />
    <usage name="ContaminatedArea" />
    <usage name="Hunting" />
    <usage name="Lunapark" />
    <usage name="Military" />
    <usage name="Police" />
    <tag name="floor" />
    <tag name="ground" />
    <tag name="shelves" />
    <value name="Tier2" />
    <value name="Tier4" />
  </type>
  <type name="AD_OKP7">
    <nominal>7</nominal>
    <lifetime>7200</lifetime>
    <restock>1800</restock>
    <min>5</min>
    <quantmin>-1</quantmin>
    <quantmax>-1</quantmax>
    <cost>100</cost>
    <flags count_in_cargo="0" count_in_hoarder="0" count_in_map="1" count_in_player="0" crafted="0" deloot="0" />
    <category name="weapons" />
    <usage name="ContaminatedArea" />
    <usage name="Hunting" />
    <usage name="Lunapark" />
    <usage name="Military" />
    <usage name="Police" />
    <tag name="floor" />
    <tag name="ground" />
    <tag name="shelves" />
    <value name="Tier2" />
    <value name="Tier3" />
    <value name="Tier4" />
  </type>
  <type name="AD_OKP7_B13">
    <nominal>0</nominal>
    <lifetime>7200</lifetime>
    <restock>1800</restock>
    <min>0</min>
    <quantmin>-1</quantmin>
    <quantmax>-1</quantmax>
    <cost>100</cost>
    <flags count_in_cargo="0" count_in_hoarder="0" count_in_map="1" count_in_player="0" crafted="0" deloot="0" />
    <category name="weapons" />
    <usage name="ContaminatedArea" />
    <usage name="Hunting" />
    <usage name="Lunapark" />
    <usage name="Military" />
    <usage name="Police" />
    <tag name="floor" />
    <tag name="ground" />
    <tag name="shelves" />
    <value name="Tier2" />
    <value name="Tier3" />
    <value name="Tier4" />
  </type>
  <type name="AD_OKP7_MosinMount">
    <nominal>0</nominal>
    <lifetime>7200</lifetime>
    <restock>1800</restock>
    <min>0</min>
    <quantmin>-1</quantmin>
    <quantmax>-1</quantmax>
    <cost>100</cost>
    <flags count_in_cargo="0" count_in_hoarder="0" count_in_map="1" count_in_player="0" crafted="0" deloot="0" />
    <category name="weapons" />
    <usage name="ContaminatedArea" />
    <usage name="Hunting" />
    <usage name="Lunapark" />
    <usage name="Military" />
    <usage name="Police" />
    <tag name="floor" />
    <tag name="ground" />
    <tag name="shelves" />
    <value name="Tier2" />
    <value name="Tier3" />
    <value name="Tier4" />
  </type>
  <type name="AD_Pilad">
    <nominal>10</nominal>
    <lifetime>7200</lifetime>
    <restock>1800</restock>
    <min>5</min>
    <quantmin>-1</quantmin>
    <quantmax>-1</quantmax>
    <cost>100</cost>
    <flags count_in_cargo="0" count_in_hoarder="0" count_in_map="1" count_in_player="0" crafted="0" deloot="0" />
    <category name="weapons" />
    <usage name="ContaminatedArea" />
    <usage name="Hunting" />
    <usage name="Lunapark" />
    <usage name="Police" />
    <tag name="floor" />
    <tag name="ground" />
    <tag name="shelves" />
    <value name="Tier1" />
    <value name="Tier2" />
  </type>
  <type name="AD_Pilad_B13">
    <nominal>0</nominal>
    <lifetime>7200</lifetime>
    <restock>1800</restock>
    <min>0</min>
    <quantmin>-1</quantmin>
    <quantmax>-1</quantmax>
    <cost>100</cost>
    <flags count_in_cargo="0" count_in_hoarder="0" count_in_map="1" count_in_player="0" crafted="0" deloot="0" />
    <category name="weapons" />
    <usage name="ContaminatedArea" />
    <usage name="Hunting" />
    <usage name="Lunapark" />
    <usage name="Police" />
    <tag name="floor" />
    <tag name="ground" />
    <tag name="shelves" />
    <value name="Tier1" />
    <value name="Tier2" />
  </type>
  <type name="AD_Pilad_MosinMount">
    <nominal>0</nominal>
    <lifetime>7200</lifetime>
    <restock>1800</restock>
    <min>0</min>
    <quantmin>-1</quantmin>
    <quantmax>-1</quantmax>
    <cost>100</cost>
    <flags count_in_cargo="0" count_in_hoarder="0" count_in_map="1" count_in_player="0" crafted="0" deloot="0" />
    <category name="weapons" />
    <usage name="ContaminatedArea" />
    <usage name="Hunting" />
    <usage name="Lunapark" />
    <usage name="Police" />
    <tag name="floor" />
    <tag name="ground" />
    <tag name="shelves" />
    <value name="Tier1" />
    <value name="Tier2" />
  </type>
  <type name="AD_PVS4">
    <nominal>3</nominal>
    <lifetime>10800</lifetime>
    <restock>300</restock>
    <min>2</min>
    <quantmin>-1</quantmin>
    <quantmax>-1</quantmax>
    <cost>100</cost>
    <flags count_in_cargo="0" count_in_hoarder="0" count_in_map="1" count_in_player="0" crafted="0" deloot="0" />
    <category name="weapons" />
    <usage name="ContaminatedArea" />
    <usage name="Hunting" />
    <usage name="Lunapark" />
    <usage name="Military" />
    <usage name="Police" />
    <tag name="floor" />
    <tag name="ground" />
    <tag name="shelves" />
    <value name="Tier2" />
    <value name="Tier3" />
    <value name="Tier4" />
  </type>
  <type name="AD_PVS4_B13">
    <nominal>0</nominal>
    <lifetime>10800</lifetime>
    <restock>300</restock>
    <min>0</min>
    <quantmin>-1</quantmin>
    <quantmax>-1</quantmax>
    <cost>100</cost>
    <flags count_in_cargo="0" count_in_hoarder="0" count_in_map="1" count_in_player="0" crafted="0" deloot="0" />
    <category name="weapons" />
    <usage name="ContaminatedArea" />
    <usage name="Hunting" />
    <usage name="Lunapark" />
    <usage name="Military" />
    <usage name="Police" />
    <tag name="floor" />
    <tag name="ground" />
    <tag name="shelves" />
    <value name="Tier2" />
    <value name="Tier3" />
    <value name="Tier4" />
  </type>
  <type name="AD_PVS4_MosinMount">
    <nominal>0</nominal>
    <lifetime>10800</lifetime>
    <restock>300</restock>
    <min>0</min>
    <quantmin>-1</quantmin>
    <quantmax>-1</quantmax>
    <cost>100</cost>
    <flags count_in_cargo="0" count_in_hoarder="0" count_in_map="1" count_in_player="0" crafted="0" deloot="0" />
    <category name="weapons" />
    <usage name="ContaminatedArea" />
    <usage name="Hunting" />
    <usage name="Lunapark" />
    <usage name="Military" />
    <usage name="Police" />
    <tag name="floor" />
    <tag name="ground" />
    <tag name="shelves" />
    <value name="Tier2" />
    <value name="Tier3" />
    <value name="Tier4" />
  </type>
  <type name="AD_RMR">
    <nominal>10</nominal>
    <lifetime>10800</lifetime>
    <restock>1800</restock>
    <min>7</min>
    <quantmin>-1</quantmin>
    <quantmax>-1</quantmax>
    <cost>100</cost>
    <flags count_in_cargo="0" count_in_hoarder="0" count_in_map="1" count_in_player="0" crafted="0" deloot="0" />
    <category name="weapons" />
    <usage name="ContaminatedArea" />
    <usage name="Hunting" />
    <usage name="Lunapark" />
    <usage name="Military" />
    <usage name="Police" />
    <tag name="floor" />
    <tag name="ground" />
    <tag name="shelves" />
    <value name="Tier1" />
    <value name="Tier2" />
    <value name="Tier3" />
  </type>
  <type name="AD_RMR_LM">
    <nominal>10</nominal>
    <lifetime>10800</lifetime>
    <restock>1800</restock>
    <min>5</min>
    <quantmin>-1</quantmin>
    <quantmax>-1</quantmax>
    <cost>100</cost>
    <flags count_in_cargo="0" count_in_hoarder="0" count_in_map="1" count_in_player="0" crafted="0" deloot="0" />
    <category name="weapons" />
    <usage name="ContaminatedArea" />
    <usage name="Hunting" />
    <usage name="Lunapark" />
    <usage name="Military" />
    <usage name="Police" />
    <tag name="floor" />
    <tag name="ground" />
    <tag name="shelves" />
    <value name="Tier2" />
    <value name="Tier3" />
  </type>
  <type name="AD_RMR_LM_B13">
    <nominal>0</nominal>
    <lifetime>10800</lifetime>
    <restock>1800</restock>
    <min>0</min>
    <quantmin>-1</quantmin>
    <quantmax>-1</quantmax>
    <cost>100</cost>
    <flags count_in_cargo="0" count_in_hoarder="0" count_in_map="1" count_in_player="0" crafted="0" deloot="0" />
    <category name="weapons" />
    <usage name="ContaminatedArea" />
    <usage name="Hunting" />
    <usage name="Lunapark" />
    <usage name="Military" />
    <usage name="Police" />
    <tag name="floor" />
    <tag name="ground" />
    <tag name="shelves" />
    <value name="Tier2" />
    <value name="Tier3" />
  </type>
  <type name="AD_RMR_LM_MosinMount">
    <nominal>0</nominal>
    <lifetime>10800</lifetime>
    <restock>1800</restock>
    <min>0</min>
    <quantmin>-1</quantmin>
    <quantmax>-1</quantmax>
    <cost>100</cost>
    <flags count_in_cargo="0" count_in_hoarder="0" count_in_map="1" count_in_player="0" crafted="0" deloot="0" />
    <category name="weapons" />
    <usage name="ContaminatedArea" />
    <usage name="Hunting" />
    <usage name="Lunapark" />
    <usage name="Military" />
    <usage name="Police" />
    <tag name="floor" />
    <tag name="ground" />
    <tag name="shelves" />
    <value name="Tier2" />
    <value name="Tier3" />
  </type>
  <type name="AD_RMR_TM">
    <nominal>10</nominal>
    <lifetime>10800</lifetime>
    <restock>1800</restock>
    <min>5</min>
    <quantmin>-1</quantmin>
    <quantmax>-1</quantmax>
    <cost>100</cost>
    <flags count_in_cargo="0" count_in_hoarder="0" count_in_map="1" count_in_player="0" crafted="0" deloot="0" />
    <category name="weapons" />
    <usage name="ContaminatedArea" />
    <usage name="Hunting" />
    <usage name="Lunapark" />
    <usage name="Military" />
    <usage name="Police" />
    <tag name="floor" />
    <tag name="ground" />
    <tag name="shelves" />
    <value name="Tier2" />
    <value name="Tier3" />
  </type>
  <type name="AD_RMR_TM_B13">
    <nominal>0</nominal>
    <lifetime>10800</lifetime>
    <restock>1800</restock>
    <min>0</min>
    <quantmin>-1</quantmin>
    <quantmax>-1</quantmax>
    <cost>100</cost>
    <flags count_in_cargo="0" count_in_hoarder="0" count_in_map="1" count_in_player="0" crafted="0" deloot="0" />
    <category name="weapons" />
    <usage name="ContaminatedArea" />
    <usage name="Hunting" />
    <usage name="Lunapark" />
    <usage name="Military" />
    <usage name="Police" />
    <tag name="floor" />
    <tag name="ground" />
    <tag name="shelves" />
    <value name="Tier2" />
    <value name="Tier3" />
  </type>
  <type name="AD_RMR_TM_MosinMount">
    <nominal>0</nominal>
    <lifetime>10800</lifetime>
    <restock>1800</restock>
    <min>0</min>
    <quantmin>-1</quantmin>
    <quantmax>-1</quantmax>
    <cost>100</cost>
    <flags count_in_cargo="0" count_in_hoarder="0" count_in_map="1" count_in_player="0" crafted="0" deloot="0" />
    <category name="weapons" />
    <usage name="ContaminatedArea" />
    <usage name="Hunting" />
    <usage name="Lunapark" />
    <usage name="Military" />
    <usage name="Police" />
    <tag name="floor" />
    <tag name="ground" />
    <tag name="shelves" />
    <value name="Tier2" />
    <value name="Tier3" />
  </type>
  <type name="AD_SpecterDR">
    <nominal>3</nominal>
    <lifetime>7200</lifetime>
    <restock>1800</restock>
    <min>2</min>
    <quantmin>-1</quantmin>
    <quantmax>-1</quantmax>
    <cost>100</cost>
    <flags count_in_cargo="0" count_in_hoarder="0" count_in_map="1" count_in_player="0" crafted="0" deloot="0" />
    <category name="weapons" />
    <usage name="ContaminatedArea" />
    <usage name="Hunting" />
    <usage name="Lunapark" />
    <usage name="Military" />
    <usage name="Police" />
    <tag name="floor" />
    <tag name="ground" />
    <tag name="shelves" />
    <value name="Tier2" />
    <value name="Tier3" />
  </type>
  <type name="AD_SpecterDR_B13">
    <nominal>0</nominal>
    <lifetime>7200</lifetime>
    <restock>1800</restock>
    <min>0</min>
    <quantmin>-1</quantmin>
    <quantmax>-1</quantmax>
    <cost>100</cost>
    <flags count_in_cargo="0" count_in_hoarder="0" count_in_map="1" count_in_player="0" crafted="0" deloot="0" />
    <category name="weapons" />
    <usage name="ContaminatedArea" />
    <usage name="Hunting" />
    <usage name="Lunapark" />
    <usage name="Military" />
    <usage name="Police" />
    <tag name="floor" />
    <tag name="ground" />
    <tag name="shelves" />
    <value name="Tier2" />
    <value name="Tier3" />
  </type>
  <type name="AD_SpecterDR_MosinMount">
    <nominal>0</nominal>
    <lifetime>7200</lifetime>
    <restock>1800</restock>
    <min>0</min>
    <quantmin>-1</quantmin>
    <quantmax>-1</quantmax>
    <cost>100</cost>
    <flags count_in_cargo="0" count_in_hoarder="0" count_in_map="1" count_in_player="0" crafted="0" deloot="0" />
    <category name="weapons" />
    <usage name="ContaminatedArea" />
    <usage name="Hunting" />
    <usage name="Lunapark" />
    <usage name="Military" />
    <usage name="Police" />
    <tag name="floor" />
    <tag name="ground" />
    <tag name="shelves" />
    <value name="Tier2" />
    <value name="Tier3" />
  </type>
  <type name="AD_XPS34">
    <nominal>3</nominal>
    <lifetime>7200</lifetime>
    <restock>1800</restock>
    <min>2</min>
    <quantmin>-1</quantmin>
    <quantmax>-1</quantmax>
    <cost>100</cost>
    <flags count_in_cargo="0" count_in_hoarder="0" count_in_map="1" count_in_player="0" crafted="0" deloot="0" />
    <category name="weapons" />
    <usage name="ContaminatedArea" />
    <usage name="Hunting" />
    <usage name="Lunapark" />
    <usage name="Military" />
    <usage name="Police" />
    <tag name="floor" />
    <tag name="ground" />
    <tag name="shelves" />
    <value name="Tier2" />
    <value name="Tier3" />
    <value name="Tier4" />
  </type>
  <type name="AD_XPS34_B13">
    <nominal>0</nominal>
    <lifetime>7200</lifetime>
    <restock>1800</restock>
    <min>0</min>
    <quantmin>-1</quantmin>
    <quantmax>-1</quantmax>
    <cost>100</cost>
    <flags count_in_cargo="0" count_in_hoarder="0" count_in_map="1" count_in_player="0" crafted="0" deloot="0" />
    <category name="weapons" />
    <usage name="ContaminatedArea" />
    <usage name="Hunting" />
    <usage name="Lunapark" />
    <usage name="Military" />
    <usage name="Police" />
    <tag name="floor" />
    <tag name="ground" />
    <tag name="shelves" />
    <value name="Tier2" />
    <value name="Tier3" />
    <value name="Tier4" />
  </type>
  <type name="AD_XPS34_HHS">
    <nominal>2</nominal>
    <lifetime>7200</lifetime>
    <restock>1800</restock>
    <min>1</min>
    <quantmin>-1</quantmin>
    <quantmax>-1</quantmax>
    <cost>100</cost>
    <flags count_in_cargo="0" count_in_hoarder="0" count_in_map="1" count_in_player="0" crafted="0" deloot="0" />
    <category name="weapons" />
    <usage name="ContaminatedArea" />
    <usage name="Hunting" />
    <usage name="Lunapark" />
    <usage name="Military" />
    <usage name="Police" />
    <tag name="floor" />
    <tag name="ground" />
    <tag name="shelves" />
    <value name="Tier2" />
    <value name="Tier3" />
    <value name="Tier4" />
  </type>
  <type name="AD_XPS34_HHS_B13">
    <nominal>0</nominal>
    <lifetime>7200</lifetime>
    <restock>1800</restock>
    <min>0</min>
    <quantmin>-1</quantmin>
    <quantmax>-1</quantmax>
    <cost>100</cost>
    <flags count_in_cargo="0" count_in_hoarder="0" count_in_map="1" count_in_player="0" crafted="0" deloot="0" />
    <category name="weapons" />
    <usage name="ContaminatedArea" />
    <usage name="Hunting" />
    <usage name="Lunapark" />
    <usage name="Military" />
    <usage name="Police" />
    <tag name="floor" />
    <tag name="ground" />
    <tag name="shelves" />
    <value name="Tier2" />
    <value name="Tier3" />
    <value name="Tier4" />
  </type>
  <type name="AD_XPS34_HHS_MosinMount">
    <nominal>0</nominal>
    <lifetime>7200</lifetime>
    <restock>1800</restock>
    <min>0</min>
    <quantmin>-1</quantmin>
    <quantmax>-1</quantmax>
    <cost>100</cost>
    <flags count_in_cargo="0" count_in_hoarder="0" count_in_map="1" count_in_player="0" crafted="0" deloot="0" />
    <category name="weapons" />
    <usage name="ContaminatedArea" />
    <usage name="Hunting" />
    <usage name="Lunapark" />
    <usage name="Military" />
    <usage name="Police" />
    <tag name="floor" />
    <tag name="ground" />
    <tag name="shelves" />
    <value name="Tier2" />
    <value name="Tier3" />
    <value name="Tier4" />
  </type>
  <type name="AD_XPS34_MosinMount">
    <nominal>0</nominal>
    <lifetime>7200</lifetime>
    <restock>1800</restock>
    <min>0</min>
    <quantmin>-1</quantmin>
    <quantmax>-1</quantmax>
    <cost>100</cost>
    <flags count_in_cargo="0" count_in_hoarder="0" count_in_map="1" count_in_player="0" crafted="0" deloot="0" />
    <category name="weapons" />
    <usage name="ContaminatedArea" />
    <usage name="Hunting" />
    <usage name="Lunapark" />
    <usage name="Military" />
    <usage name="Police" />
    <tag name="floor" />
    <tag name="ground" />
    <tag name="shelves" />
    <value name="Tier2" />
    <value name="Tier3" />
    <value name="Tier4" />
  </type>
</types>