<?xml version="1.0" encoding="UTF-8" standalone="yes"?>
<events>
  <event name="NewEvent">
    <nominal>0</nominal>
    <min>0</min>
    <max>0</max>
    <lifetime>0</lifetime>
    <restock>0</restock>
    <saferadius>0</saferadius>
    <distanceradius>0</distanceradius>
    <cleanupradius>0</cleanupradius>
    <flags deletable="0" init_random="0" remove_damaged="0" />
    <position>fixed</position>
    <limit>child</limit>
    <active>0</active>
    <children />
  </event>
</events>