<?xml version="1.0" encoding="UTF-8" standalone="yes"?>
<types>
  <type name="geb_Angelfish">
    <nominal>0</nominal>
    <lifetime>14400</lifetime>
    <restock>0</restock>
    <min>0</min>
    <quantmin>10</quantmin>
    <quantmax>100</quantmax>
    <cost>100</cost>
    <flags count_in_cargo="0" count_in_hoarder="0" count_in_map="1" count_in_player="0" crafted="1" deloot="0" />
    <category name="food" />
  </type>
  <type name="geb_AngelfishFilletMeat">
    <nominal>0</nominal>
    <lifetime>14400</lifetime>
    <restock>0</restock>
    <min>0</min>
    <quantmin>10</quantmin>
    <quantmax>100</quantmax>
    <cost>100</cost>
    <flags count_in_cargo="0" count_in_hoarder="0" count_in_map="1" count_in_player="0" crafted="1" deloot="0" />
    <category name="food" />
  </type>
  <type name="geb_Angelshark">
    <nominal>0</nominal>
    <lifetime>14400</lifetime>
    <restock>0</restock>
    <min>0</min>
    <quantmin>10</quantmin>
    <quantmax>100</quantmax>
    <cost>100</cost>
    <flags count_in_cargo="0" count_in_hoarder="0" count_in_map="1" count_in_player="0" crafted="1" deloot="0" />
    <category name="food" />
  </type>
  <type name="geb_AngelsharkFilletMeat">
    <nominal>0</nominal>
    <lifetime>14400</lifetime>
    <restock>0</restock>
    <min>0</min>
    <quantmin>10</quantmin>
    <quantmax>100</quantmax>
    <cost>100</cost>
    <flags count_in_cargo="0" count_in_hoarder="0" count_in_map="1" count_in_player="0" crafted="1" deloot="0" />
    <category name="food" />
  </type>
  <type name="geb_Asianseabass">
    <nominal>0</nominal>
    <lifetime>14400</lifetime>
    <restock>0</restock>
    <min>0</min>
    <quantmin>10</quantmin>
    <quantmax>100</quantmax>
    <cost>100</cost>
    <flags count_in_cargo="0" count_in_hoarder="0" count_in_map="1" count_in_player="0" crafted="1" deloot="0" />
    <category name="food" />
  </type>
  <type name="geb_AsianseabassFilletMeat">
    <nominal>0</nominal>
    <lifetime>14400</lifetime>
    <restock>0</restock>
    <min>0</min>
    <quantmin>10</quantmin>
    <quantmax>100</quantmax>
    <cost>100</cost>
    <flags count_in_cargo="0" count_in_hoarder="0" count_in_map="1" count_in_player="0" crafted="1" deloot="0" />
    <category name="food" />
  </type>
  <type name="geb_BambooFishingNet">
    <nominal>5</nominal>
    <lifetime>7200</lifetime>
    <restock>0</restock>
    <min>2</min>
    <quantmin>-1</quantmin>
    <quantmax>-1</quantmax>
    <cost>100</cost>
    <flags count_in_cargo="0" count_in_hoarder="0" count_in_map="1" count_in_player="0" crafted="0" deloot="0" />
    <category name="tools" />
    <usage name="Coast" />
    <usage name="Farm" />
    <usage name="Hunting" />
    <usage name="Village" />
  </type>
  <type name="geb_BigGameFishingLine">
    <nominal>8</nominal>
    <lifetime>7200</lifetime>
    <restock>0</restock>
    <min>3</min>
    <quantmin>-1</quantmin>
    <quantmax>-1</quantmax>
    <cost>100</cost>
    <flags count_in_cargo="0" count_in_hoarder="0" count_in_map="1" count_in_player="0" crafted="0" deloot="0" />
    <category name="tools" />
    <usage name="Coast" />
    <usage name="Farm" />
    <usage name="Hunting" />
    <usage name="Village" />
  </type>
  <type name="geb_Blackbass">
    <nominal>0</nominal>
    <lifetime>14400</lifetime>
    <restock>0</restock>
    <min>0</min>
    <quantmin>10</quantmin>
    <quantmax>100</quantmax>
    <cost>100</cost>
    <flags count_in_cargo="0" count_in_hoarder="0" count_in_map="1" count_in_player="0" crafted="1" deloot="0" />
    <category name="food" />
  </type>
  <type name="geb_BlackbassFilletMeat">
    <nominal>0</nominal>
    <lifetime>14400</lifetime>
    <restock>0</restock>
    <min>0</min>
    <quantmin>10</quantmin>
    <quantmax>100</quantmax>
    <cost>100</cost>
    <flags count_in_cargo="0" count_in_hoarder="0" count_in_map="1" count_in_player="0" crafted="1" deloot="0" />
    <category name="food" />
  </type>
  <type name="geb_Blackdevilsnail">
    <nominal>0</nominal>
    <lifetime>14400</lifetime>
    <restock>0</restock>
    <min>0</min>
    <quantmin>10</quantmin>
    <quantmax>100</quantmax>
    <cost>100</cost>
    <flags count_in_cargo="0" count_in_hoarder="0" count_in_map="1" count_in_player="0" crafted="1" deloot="0" />
    <category name="food" />
  </type>
  <type name="geb_BlueFishHat">
    <nominal>0</nominal>
    <lifetime>7200</lifetime>
    <restock>0</restock>
    <min>0</min>
    <quantmin>-1</quantmin>
    <quantmax>-1</quantmax>
    <cost>100</cost>
    <flags count_in_cargo="0" count_in_hoarder="0" count_in_map="1" count_in_player="0" crafted="0" deloot="0" />
    <category name="clothes" />
    <usage name="Coast" />
    <usage name="Farm" />
    <usage name="Hunting" />
    <usage name="Village" />
  </type>
  <type name="geb_BlueFishingRod">
    <nominal>5</nominal>
    <lifetime>7200</lifetime>
    <restock>0</restock>
    <min>1</min>
    <quantmin>-1</quantmin>
    <quantmax>-1</quantmax>
    <cost>100</cost>
    <flags count_in_cargo="0" count_in_hoarder="0" count_in_map="1" count_in_player="0" crafted="0" deloot="0" />
    <category name="tools" />
    <usage name="Coast" />
    <usage name="Farm" />
    <usage name="Hunting" />
    <usage name="Village" />
  </type>
  <type name="geb_BlueFishKnife">
    <nominal>3</nominal>
    <lifetime>7200</lifetime>
    <restock>0</restock>
    <min>1</min>
    <quantmin>-1</quantmin>
    <quantmax>-1</quantmax>
    <cost>100</cost>
    <flags count_in_cargo="0" count_in_hoarder="0" count_in_map="1" count_in_player="0" crafted="0" deloot="0" />
    <category name="tools" />
    <usage name="Coast" />
    <usage name="Farm" />
    <usage name="Hunting" />
    <usage name="Village" />
  </type>
  <type name="geb_BlueFishShirt">
    <nominal>0</nominal>
    <lifetime>7200</lifetime>
    <restock>0</restock>
    <min>0</min>
    <quantmin>-1</quantmin>
    <quantmax>-1</quantmax>
    <cost>100</cost>
    <flags count_in_cargo="0" count_in_hoarder="0" count_in_map="1" count_in_player="0" crafted="0" deloot="0" />
    <category name="clothes" />
    <usage name="Coast" />
    <usage name="Farm" />
    <usage name="Hunting" />
    <usage name="Village" />
  </type>
  <type name="geb_Bluegill">
    <nominal>0</nominal>
    <lifetime>14400</lifetime>
    <restock>0</restock>
    <min>0</min>
    <quantmin>10</quantmin>
    <quantmax>100</quantmax>
    <cost>100</cost>
    <flags count_in_cargo="0" count_in_hoarder="0" count_in_map="1" count_in_player="0" crafted="1" deloot="0" />
    <category name="food" />
  </type>
  <type name="geb_BluegillFilletMeat">
    <nominal>0</nominal>
    <lifetime>14400</lifetime>
    <restock>0</restock>
    <min>0</min>
    <quantmin>10</quantmin>
    <quantmax>100</quantmax>
    <cost>100</cost>
    <flags count_in_cargo="0" count_in_hoarder="0" count_in_map="1" count_in_player="0" crafted="1" deloot="0" />
    <category name="food" />
  </type>
  <type name="geb_BlueLobster">
    <nominal>0</nominal>
    <lifetime>14400</lifetime>
    <restock>0</restock>
    <min>0</min>
    <quantmin>10</quantmin>
    <quantmax>100</quantmax>
    <cost>100</cost>
    <flags count_in_cargo="0" count_in_hoarder="0" count_in_map="1" count_in_player="0" crafted="1" deloot="0" />
    <category name="food" />
  </type>
  <type name="geb_BlueLobsterFilletMeat">
    <nominal>0</nominal>
    <lifetime>14400</lifetime>
    <restock>0</restock>
    <min>0</min>
    <quantmin>10</quantmin>
    <quantmax>100</quantmax>
    <cost>100</cost>
    <flags count_in_cargo="0" count_in_hoarder="0" count_in_map="1" count_in_player="0" crafted="1" deloot="0" />
    <category name="food" />
  </type>
  <type name="geb_BlueLobsterTail">
    <nominal>0</nominal>
    <lifetime>14400</lifetime>
    <restock>0</restock>
    <min>0</min>
    <quantmin>10</quantmin>
    <quantmax>100</quantmax>
    <cost>100</cost>
    <flags count_in_cargo="0" count_in_hoarder="0" count_in_map="1" count_in_player="0" crafted="1" deloot="0" />
    <category name="food" />
  </type>
  <type name="geb_Bluemarlin">
    <nominal>0</nominal>
    <lifetime>14400</lifetime>
    <restock>0</restock>
    <min>0</min>
    <quantmin>10</quantmin>
    <quantmax>100</quantmax>
    <cost>100</cost>
    <flags count_in_cargo="0" count_in_hoarder="0" count_in_map="1" count_in_player="0" crafted="1" deloot="0" />
    <category name="food" />
  </type>
  <type name="geb_BluemarlinFilletMeat">
    <nominal>0</nominal>
    <lifetime>14400</lifetime>
    <restock>0</restock>
    <min>0</min>
    <quantmin>10</quantmin>
    <quantmax>100</quantmax>
    <cost>100</cost>
    <flags count_in_cargo="0" count_in_hoarder="0" count_in_map="1" count_in_player="0" crafted="1" deloot="0" />
    <category name="food" />
  </type>
  <type name="geb_BlueTackle">
    <nominal>0</nominal>
    <lifetime>7200</lifetime>
    <restock>0</restock>
    <min>0</min>
    <quantmin>-1</quantmin>
    <quantmax>-1</quantmax>
    <cost>100</cost>
    <flags count_in_cargo="0" count_in_hoarder="0" count_in_map="1" count_in_player="0" crafted="0" deloot="0" />
    <category name="tools" />
    <usage name="Coast" />
    <usage name="Farm" />
    <usage name="Hunting" />
    <usage name="Village" />
  </type>
  <type name="geb_Bluetang">
    <nominal>0</nominal>
    <lifetime>14400</lifetime>
    <restock>0</restock>
    <min>0</min>
    <quantmin>10</quantmin>
    <quantmax>100</quantmax>
    <cost>100</cost>
    <flags count_in_cargo="0" count_in_hoarder="0" count_in_map="1" count_in_player="0" crafted="1" deloot="0" />
    <category name="food" />
  </type>
  <type name="geb_BluetangFilletMeat">
    <nominal>0</nominal>
    <lifetime>14400</lifetime>
    <restock>0</restock>
    <min>0</min>
    <quantmin>10</quantmin>
    <quantmax>100</quantmax>
    <cost>100</cost>
    <flags count_in_cargo="0" count_in_hoarder="0" count_in_map="1" count_in_player="0" crafted="1" deloot="0" />
    <category name="food" />
  </type>
  <type name="geb_BoneFieldCricketBait">
    <nominal>0</nominal>
    <lifetime>14400</lifetime>
    <restock>0</restock>
    <min>0</min>
    <quantmin>-1</quantmin>
    <quantmax>-1</quantmax>
    <cost>100</cost>
    <flags count_in_cargo="0" count_in_hoarder="0" count_in_map="1" count_in_player="0" crafted="1" deloot="0" />
    <category name="tools" />
  </type>
  <type name="geb_BoneGrassHopperBait">
    <nominal>0</nominal>
    <lifetime>14400</lifetime>
    <restock>0</restock>
    <min>0</min>
    <quantmin>-1</quantmin>
    <quantmax>-1</quantmax>
    <cost>100</cost>
    <flags count_in_cargo="0" count_in_hoarder="0" count_in_map="1" count_in_player="0" crafted="1" deloot="0" />
    <category name="tools" />
  </type>
  <type name="geb_BoneGrubWormBait">
    <nominal>0</nominal>
    <lifetime>14400</lifetime>
    <restock>0</restock>
    <min>0</min>
    <quantmin>-1</quantmin>
    <quantmax>-1</quantmax>
    <cost>100</cost>
    <flags count_in_cargo="0" count_in_hoarder="0" count_in_map="1" count_in_player="0" crafted="1" deloot="0" />
    <category name="tools" />
  </type>
  <type name="geb_BoneRubberWormBait">
    <nominal>0</nominal>
    <lifetime>14400</lifetime>
    <restock>0</restock>
    <min>0</min>
    <quantmin>-1</quantmin>
    <quantmax>-1</quantmax>
    <cost>100</cost>
    <flags count_in_cargo="0" count_in_hoarder="0" count_in_map="1" count_in_player="0" crafted="1" deloot="0" />
    <category name="tools" />
  </type>
  <type name="geb_Bonita">
    <nominal>0</nominal>
    <lifetime>14400</lifetime>
    <restock>0</restock>
    <min>0</min>
    <quantmin>10</quantmin>
    <quantmax>100</quantmax>
    <cost>100</cost>
    <flags count_in_cargo="0" count_in_hoarder="0" count_in_map="1" count_in_player="0" crafted="1" deloot="0" />
    <category name="food" />
  </type>
  <type name="geb_BonitaFilletMeat">
    <nominal>0</nominal>
    <lifetime>14400</lifetime>
    <restock>0</restock>
    <min>0</min>
    <quantmin>10</quantmin>
    <quantmax>100</quantmax>
    <cost>100</cost>
    <flags count_in_cargo="0" count_in_hoarder="0" count_in_map="1" count_in_player="0" crafted="1" deloot="0" />
    <category name="food" />
  </type>
  <type name="geb_Bowfin">
    <nominal>0</nominal>
    <lifetime>14400</lifetime>
    <restock>0</restock>
    <min>0</min>
    <quantmin>10</quantmin>
    <quantmax>100</quantmax>
    <cost>100</cost>
    <flags count_in_cargo="0" count_in_hoarder="0" count_in_map="1" count_in_player="0" crafted="1" deloot="0" />
    <category name="food" />
  </type>
  <type name="geb_BowfinFilletMeat">
    <nominal>0</nominal>
    <lifetime>14400</lifetime>
    <restock>0</restock>
    <min>0</min>
    <quantmin>10</quantmin>
    <quantmax>100</quantmax>
    <cost>100</cost>
    <flags count_in_cargo="0" count_in_hoarder="0" count_in_map="1" count_in_player="0" crafted="1" deloot="0" />
    <category name="food" />
  </type>
  <type name="geb_BrookTrout">
    <nominal>0</nominal>
    <lifetime>14400</lifetime>
    <restock>0</restock>
    <min>0</min>
    <quantmin>10</quantmin>
    <quantmax>100</quantmax>
    <cost>100</cost>
    <flags count_in_cargo="0" count_in_hoarder="0" count_in_map="1" count_in_player="0" crafted="1" deloot="0" />
    <category name="food" />
  </type>
  <type name="geb_BrookTroutFilletMeat">
    <nominal>0</nominal>
    <lifetime>14400</lifetime>
    <restock>0</restock>
    <min>0</min>
    <quantmin>10</quantmin>
    <quantmax>100</quantmax>
    <cost>100</cost>
    <flags count_in_cargo="0" count_in_hoarder="0" count_in_map="1" count_in_player="0" crafted="1" deloot="0" />
    <category name="food" />
  </type>
  <type name="geb_BrownTackle">
    <nominal>0</nominal>
    <lifetime>7200</lifetime>
    <restock>0</restock>
    <min>0</min>
    <quantmin>-1</quantmin>
    <quantmax>-1</quantmax>
    <cost>100</cost>
    <flags count_in_cargo="0" count_in_hoarder="0" count_in_map="1" count_in_player="0" crafted="0" deloot="0" />
    <category name="tools" />
    <usage name="Coast" />
    <usage name="Farm" />
    <usage name="Hunting" />
    <usage name="Village" />
  </type>
  <type name="geb_BrownTrout">
    <nominal>0</nominal>
    <lifetime>14400</lifetime>
    <restock>0</restock>
    <min>0</min>
    <quantmin>10</quantmin>
    <quantmax>100</quantmax>
    <cost>100</cost>
    <flags count_in_cargo="0" count_in_hoarder="0" count_in_map="1" count_in_player="0" crafted="1" deloot="0" />
    <category name="food" />
  </type>
  <type name="geb_BrownTroutFilletMeat">
    <nominal>0</nominal>
    <lifetime>14400</lifetime>
    <restock>0</restock>
    <min>0</min>
    <quantmin>10</quantmin>
    <quantmax>100</quantmax>
    <cost>100</cost>
    <flags count_in_cargo="0" count_in_hoarder="0" count_in_map="1" count_in_player="0" crafted="1" deloot="0" />
    <category name="food" />
  </type>
  <type name="geb_BugContainer">
    <nominal>5</nominal>
    <lifetime>7200</lifetime>
    <restock>0</restock>
    <min>2</min>
    <quantmin>-1</quantmin>
    <quantmax>-1</quantmax>
    <cost>100</cost>
    <flags count_in_cargo="0" count_in_hoarder="0" count_in_map="1" count_in_player="0" crafted="0" deloot="0" />
    <category name="tools" />
    <usage name="Coast" />
    <usage name="Farm" />
    <usage name="Hunting" />
    <usage name="Village" />
  </type>
  <type name="geb_CamoTackle">
    <nominal>0</nominal>
    <lifetime>7200</lifetime>
    <restock>0</restock>
    <min>0</min>
    <quantmin>-1</quantmin>
    <quantmax>-1</quantmax>
    <cost>100</cost>
    <flags count_in_cargo="0" count_in_hoarder="0" count_in_map="1" count_in_player="0" crafted="0" deloot="0" />
    <category name="tools" />
    <usage name="Coast" />
    <usage name="Farm" />
    <usage name="Hunting" />
    <usage name="Village" />
  </type>
  <type name="geb_Catfish">
    <nominal>0</nominal>
    <lifetime>14400</lifetime>
    <restock>0</restock>
    <min>0</min>
    <quantmin>10</quantmin>
    <quantmax>100</quantmax>
    <cost>100</cost>
    <flags count_in_cargo="0" count_in_hoarder="0" count_in_map="1" count_in_player="0" crafted="1" deloot="0" />
    <category name="food" />
  </type>
  <type name="geb_CatfishFilletMeat">
    <nominal>0</nominal>
    <lifetime>14400</lifetime>
    <restock>0</restock>
    <min>0</min>
    <quantmin>10</quantmin>
    <quantmax>100</quantmax>
    <cost>100</cost>
    <flags count_in_cargo="0" count_in_hoarder="0" count_in_map="1" count_in_player="0" crafted="1" deloot="0" />
    <category name="food" />
  </type>
  <type name="geb_Cherrysalmon">
    <nominal>0</nominal>
    <lifetime>14400</lifetime>
    <restock>0</restock>
    <min>0</min>
    <quantmin>10</quantmin>
    <quantmax>100</quantmax>
    <cost>100</cost>
    <flags count_in_cargo="0" count_in_hoarder="0" count_in_map="1" count_in_player="0" crafted="1" deloot="0" />
    <category name="food" />
  </type>
  <type name="geb_CherrysalmonFilletMeat">
    <nominal>0</nominal>
    <lifetime>14400</lifetime>
    <restock>0</restock>
    <min>0</min>
    <quantmin>10</quantmin>
    <quantmax>100</quantmax>
    <cost>100</cost>
    <flags count_in_cargo="0" count_in_hoarder="0" count_in_map="1" count_in_player="0" crafted="1" deloot="0" />
    <category name="food" />
  </type>
  <type name="geb_Crayfish">
    <nominal>0</nominal>
    <lifetime>14400</lifetime>
    <restock>0</restock>
    <min>0</min>
    <quantmin>10</quantmin>
    <quantmax>100</quantmax>
    <cost>100</cost>
    <flags count_in_cargo="0" count_in_hoarder="0" count_in_map="1" count_in_player="0" crafted="1" deloot="0" />
    <category name="food" />
  </type>
  <type name="geb_CrayfishFilletMeat">
    <nominal>0</nominal>
    <lifetime>14400</lifetime>
    <restock>0</restock>
    <min>0</min>
    <quantmin>10</quantmin>
    <quantmax>100</quantmax>
    <cost>100</cost>
    <flags count_in_cargo="0" count_in_hoarder="0" count_in_map="1" count_in_player="0" crafted="1" deloot="0" />
    <category name="food" />
  </type>
  <type name="geb_CutthroatTrout">
    <nominal>0</nominal>
    <lifetime>14400</lifetime>
    <restock>0</restock>
    <min>0</min>
    <quantmin>10</quantmin>
    <quantmax>100</quantmax>
    <cost>100</cost>
    <flags count_in_cargo="0" count_in_hoarder="0" count_in_map="1" count_in_player="0" crafted="1" deloot="0" />
    <category name="food" />
  </type>
  <type name="geb_CutthroatTroutFilletMeat">
    <nominal>0</nominal>
    <lifetime>14400</lifetime>
    <restock>0</restock>
    <min>0</min>
    <quantmin>10</quantmin>
    <quantmax>100</quantmax>
    <cost>100</cost>
    <flags count_in_cargo="0" count_in_hoarder="0" count_in_map="1" count_in_player="0" crafted="1" deloot="0" />
    <category name="food" />
  </type>
  <type name="geb_FieldCricket">
    <nominal>15</nominal>
    <lifetime>7200</lifetime>
    <restock>0</restock>
    <min>5</min>
    <quantmin>-1</quantmin>
    <quantmax>-1</quantmax>
    <cost>100</cost>
    <flags count_in_cargo="0" count_in_hoarder="0" count_in_map="1" count_in_player="0" crafted="0" deloot="0" />
    <category name="tools" />
    <usage name="Coast" />
    <usage name="Farm" />
    <usage name="Hunting" />
    <usage name="Village" />
  </type>
  <type name="geb_Flatheadmullet">
    <nominal>0</nominal>
    <lifetime>14400</lifetime>
    <restock>0</restock>
    <min>0</min>
    <quantmin>10</quantmin>
    <quantmax>100</quantmax>
    <cost>100</cost>
    <flags count_in_cargo="0" count_in_hoarder="0" count_in_map="1" count_in_player="0" crafted="1" deloot="0" />
    <category name="food" />
  </type>
  <type name="geb_FlatheadmulletFilletMeat">
    <nominal>0</nominal>
    <lifetime>14400</lifetime>
    <restock>0</restock>
    <min>0</min>
    <quantmin>10</quantmin>
    <quantmax>100</quantmax>
    <cost>100</cost>
    <flags count_in_cargo="0" count_in_hoarder="0" count_in_map="1" count_in_player="0" crafted="1" deloot="0" />
    <category name="food" />
  </type>
  <type name="geb_FlyFishingLine">
    <nominal>8</nominal>
    <lifetime>7200</lifetime>
    <restock>0</restock>
    <min>3</min>
    <quantmin>-1</quantmin>
    <quantmax>-1</quantmax>
    <cost>100</cost>
    <flags count_in_cargo="0" count_in_hoarder="0" count_in_map="1" count_in_player="0" crafted="0" deloot="0" />
    <category name="tools" />
    <usage name="Coast" />
    <usage name="Farm" />
    <usage name="Hunting" />
    <usage name="Village" />
  </type>
  <type name="geb_FunGreenTackle">
    <nominal>0</nominal>
    <lifetime>7200</lifetime>
    <restock>0</restock>
    <min>0</min>
    <quantmin>-1</quantmin>
    <quantmax>-1</quantmax>
    <cost>100</cost>
    <flags count_in_cargo="0" count_in_hoarder="0" count_in_map="1" count_in_player="0" crafted="0" deloot="0" />
    <category name="tools" />
    <usage name="Coast" />
    <usage name="Farm" />
    <usage name="Hunting" />
    <usage name="Village" />
  </type>
  <type name="geb_FunPurpleTackle">
    <nominal>0</nominal>
    <lifetime>7200</lifetime>
    <restock>0</restock>
    <min>0</min>
    <quantmin>-1</quantmin>
    <quantmax>-1</quantmax>
    <cost>100</cost>
    <flags count_in_cargo="0" count_in_hoarder="0" count_in_map="1" count_in_player="0" crafted="0" deloot="0" />
    <category name="tools" />
    <usage name="Coast" />
    <usage name="Farm" />
    <usage name="Hunting" />
    <usage name="Village" />
  </type>
  <type name="geb_FunRedTackle">
    <nominal>0</nominal>
    <lifetime>7200</lifetime>
    <restock>0</restock>
    <min>0</min>
    <quantmin>-1</quantmin>
    <quantmax>-1</quantmax>
    <cost>100</cost>
    <flags count_in_cargo="0" count_in_hoarder="0" count_in_map="1" count_in_player="0" crafted="0" deloot="0" />
    <category name="tools" />
    <usage name="Coast" />
    <usage name="Farm" />
    <usage name="Hunting" />
    <usage name="Village" />
  </type>
  <type name="geb_FunYellowTackle">
    <nominal>0</nominal>
    <lifetime>7200</lifetime>
    <restock>0</restock>
    <min>0</min>
    <quantmin>-1</quantmin>
    <quantmax>-1</quantmax>
    <cost>100</cost>
    <flags count_in_cargo="0" count_in_hoarder="0" count_in_map="1" count_in_player="0" crafted="0" deloot="0" />
    <category name="tools" />
    <usage name="Coast" />
    <usage name="Farm" />
    <usage name="Hunting" />
    <usage name="Village" />
  </type>
  <type name="geb_GrassHopper">
    <nominal>15</nominal>
    <lifetime>7200</lifetime>
    <restock>0</restock>
    <min>5</min>
    <quantmin>-1</quantmin>
    <quantmax>-1</quantmax>
    <cost>100</cost>
    <flags count_in_cargo="0" count_in_hoarder="0" count_in_map="1" count_in_player="0" crafted="0" deloot="0" />
    <category name="tools" />
    <usage name="Coast" />
    <usage name="Farm" />
    <usage name="Hunting" />
    <usage name="Village" />
  </type>
  <type name="geb_Greatwhiteshark">
    <nominal>0</nominal>
    <lifetime>14400</lifetime>
    <restock>0</restock>
    <min>0</min>
    <quantmin>10</quantmin>
    <quantmax>100</quantmax>
    <cost>100</cost>
    <flags count_in_cargo="0" count_in_hoarder="0" count_in_map="1" count_in_player="0" crafted="1" deloot="0" />
    <category name="food" />
  </type>
  <type name="geb_GreatwhitesharkFilletMeat">
    <nominal>0</nominal>
    <lifetime>14400</lifetime>
    <restock>0</restock>
    <min>0</min>
    <quantmin>10</quantmin>
    <quantmax>100</quantmax>
    <cost>100</cost>
    <flags count_in_cargo="0" count_in_hoarder="0" count_in_map="1" count_in_player="0" crafted="1" deloot="0" />
    <category name="food" />
  </type>
  <type name="geb_GreenFishHat">
    <nominal>0</nominal>
    <lifetime>7200</lifetime>
    <restock>0</restock>
    <min>0</min>
    <quantmin>-1</quantmin>
    <quantmax>-1</quantmax>
    <cost>100</cost>
    <flags count_in_cargo="0" count_in_hoarder="0" count_in_map="1" count_in_player="0" crafted="0" deloot="0" />
    <category name="clothes" />
    <usage name="Coast" />
    <usage name="Farm" />
    <usage name="Hunting" />
    <usage name="Village" />
  </type>
  <type name="geb_GreenFishingRod">
    <nominal>5</nominal>
    <lifetime>7200</lifetime>
    <restock>0</restock>
    <min>1</min>
    <quantmin>-1</quantmin>
    <quantmax>-1</quantmax>
    <cost>100</cost>
    <flags count_in_cargo="0" count_in_hoarder="0" count_in_map="1" count_in_player="0" crafted="0" deloot="0" />
    <category name="tools" />
    <usage name="Coast" />
    <usage name="Farm" />
    <usage name="Hunting" />
    <usage name="Village" />
  </type>
  <type name="geb_GreenFishKnife">
    <nominal>3</nominal>
    <lifetime>7200</lifetime>
    <restock>0</restock>
    <min>1</min>
    <quantmin>-1</quantmin>
    <quantmax>-1</quantmax>
    <cost>100</cost>
    <flags count_in_cargo="0" count_in_hoarder="0" count_in_map="1" count_in_player="0" crafted="0" deloot="0" />
    <category name="tools" />
    <usage name="Coast" />
    <usage name="Farm" />
    <usage name="Hunting" />
    <usage name="Village" />
  </type>
  <type name="geb_GreenFishShirt">
    <nominal>0</nominal>
    <lifetime>7200</lifetime>
    <restock>0</restock>
    <min>0</min>
    <quantmin>-1</quantmin>
    <quantmax>-1</quantmax>
    <cost>100</cost>
    <flags count_in_cargo="0" count_in_hoarder="0" count_in_map="1" count_in_player="0" crafted="0" deloot="0" />
    <category name="clothes" />
    <usage name="Coast" />
    <usage name="Farm" />
    <usage name="Hunting" />
    <usage name="Village" />
  </type>
  <type name="geb_GreenTackle">
    <nominal>0</nominal>
    <lifetime>7200</lifetime>
    <restock>0</restock>
    <min>0</min>
    <quantmin>-1</quantmin>
    <quantmax>-1</quantmax>
    <cost>100</cost>
    <flags count_in_cargo="0" count_in_hoarder="0" count_in_map="1" count_in_player="0" crafted="0" deloot="0" />
    <category name="tools" />
    <usage name="Coast" />
    <usage name="Farm" />
    <usage name="Hunting" />
    <usage name="Village" />
  </type>
  <type name="geb_GrubWorm">
    <nominal>15</nominal>
    <lifetime>7200</lifetime>
    <restock>0</restock>
    <min>5</min>
    <quantmin>-1</quantmin>
    <quantmax>-1</quantmax>
    <cost>100</cost>
    <flags count_in_cargo="0" count_in_hoarder="0" count_in_map="1" count_in_player="0" crafted="0" deloot="0" />
    <category name="tools" />
    <usage name="Coast" />
    <usage name="Farm" />
    <usage name="Hunting" />
    <usage name="Village" />
  </type>
  <type name="geb_Hairtailfish">
    <nominal>0</nominal>
    <lifetime>14400</lifetime>
    <restock>0</restock>
    <min>0</min>
    <quantmin>10</quantmin>
    <quantmax>100</quantmax>
    <cost>100</cost>
    <flags count_in_cargo="0" count_in_hoarder="0" count_in_map="1" count_in_player="0" crafted="1" deloot="0" />
    <category name="food" />
  </type>
  <type name="geb_HairtailfishFilletMeat">
    <nominal>0</nominal>
    <lifetime>14400</lifetime>
    <restock>0</restock>
    <min>0</min>
    <quantmin>10</quantmin>
    <quantmax>100</quantmax>
    <cost>100</cost>
    <flags count_in_cargo="0" count_in_hoarder="0" count_in_map="1" count_in_player="0" crafted="1" deloot="0" />
    <category name="food" />
  </type>
  <type name="geb_Humpheadwrasse">
    <nominal>0</nominal>
    <lifetime>14400</lifetime>
    <restock>0</restock>
    <min>0</min>
    <quantmin>10</quantmin>
    <quantmax>100</quantmax>
    <cost>100</cost>
    <flags count_in_cargo="0" count_in_hoarder="0" count_in_map="1" count_in_player="0" crafted="1" deloot="0" />
    <category name="food" />
  </type>
  <type name="geb_HumpheadwrasseFilletMeat">
    <nominal>0</nominal>
    <lifetime>14400</lifetime>
    <restock>0</restock>
    <min>0</min>
    <quantmin>10</quantmin>
    <quantmax>100</quantmax>
    <cost>100</cost>
    <flags count_in_cargo="0" count_in_hoarder="0" count_in_map="1" count_in_player="0" crafted="1" deloot="0" />
    <category name="food" />
  </type>
  <type name="geb_Jellyfish">
    <nominal>0</nominal>
    <lifetime>14400</lifetime>
    <restock>0</restock>
    <min>0</min>
    <quantmin>10</quantmin>
    <quantmax>100</quantmax>
    <cost>100</cost>
    <flags count_in_cargo="0" count_in_hoarder="0" count_in_map="1" count_in_player="0" crafted="1" deloot="0" />
    <category name="food" />
  </type>
  <type name="geb_JellyfishFilletMeat">
    <nominal>0</nominal>
    <lifetime>14400</lifetime>
    <restock>0</restock>
    <min>0</min>
    <quantmin>10</quantmin>
    <quantmax>100</quantmax>
    <cost>100</cost>
    <flags count_in_cargo="0" count_in_hoarder="0" count_in_map="1" count_in_player="0" crafted="1" deloot="0" />
    <category name="food" />
  </type>
  <type name="geb_Kingcrab">
    <nominal>0</nominal>
    <lifetime>14400</lifetime>
    <restock>0</restock>
    <min>0</min>
    <quantmin>10</quantmin>
    <quantmax>100</quantmax>
    <cost>100</cost>
    <flags count_in_cargo="0" count_in_hoarder="0" count_in_map="1" count_in_player="0" crafted="1" deloot="0" />
    <category name="food" />
  </type>
  <type name="geb_KingcrabFilletMeat">
    <nominal>0</nominal>
    <lifetime>14400</lifetime>
    <restock>0</restock>
    <min>0</min>
    <quantmin>10</quantmin>
    <quantmax>100</quantmax>
    <cost>100</cost>
    <flags count_in_cargo="0" count_in_hoarder="0" count_in_map="1" count_in_player="0" crafted="1" deloot="0" />
    <category name="food" />
  </type>
  <type name="geb_KingcrabLegs">
    <nominal>0</nominal>
    <lifetime>14400</lifetime>
    <restock>0</restock>
    <min>0</min>
    <quantmin>10</quantmin>
    <quantmax>100</quantmax>
    <cost>100</cost>
    <flags count_in_cargo="0" count_in_hoarder="0" count_in_map="1" count_in_player="0" crafted="1" deloot="0" />
    <category name="food" />
  </type>
  <type name="geb_LakeTrout">
    <nominal>0</nominal>
    <lifetime>14400</lifetime>
    <restock>0</restock>
    <min>0</min>
    <quantmin>10</quantmin>
    <quantmax>100</quantmax>
    <cost>100</cost>
    <flags count_in_cargo="0" count_in_hoarder="0" count_in_map="1" count_in_player="0" crafted="1" deloot="0" />
    <category name="food" />
  </type>
  <type name="geb_LakeTroutFilletMeat">
    <nominal>0</nominal>
    <lifetime>14400</lifetime>
    <restock>0</restock>
    <min>0</min>
    <quantmin>10</quantmin>
    <quantmax>100</quantmax>
    <cost>100</cost>
    <flags count_in_cargo="0" count_in_hoarder="0" count_in_map="1" count_in_player="0" crafted="1" deloot="0" />
    <category name="food" />
  </type>
  <type name="geb_Largemouthbass">
    <nominal>0</nominal>
    <lifetime>14400</lifetime>
    <restock>0</restock>
    <min>0</min>
    <quantmin>10</quantmin>
    <quantmax>100</quantmax>
    <cost>100</cost>
    <flags count_in_cargo="0" count_in_hoarder="0" count_in_map="1" count_in_player="0" crafted="1" deloot="0" />
    <category name="food" />
  </type>
  <type name="geb_LargemouthbassFilletMeat">
    <nominal>0</nominal>
    <lifetime>14400</lifetime>
    <restock>0</restock>
    <min>0</min>
    <quantmin>10</quantmin>
    <quantmax>100</quantmax>
    <cost>100</cost>
    <flags count_in_cargo="0" count_in_hoarder="0" count_in_map="1" count_in_player="0" crafted="1" deloot="0" />
    <category name="food" />
  </type>
  <type name="geb_Leopardshark">
    <nominal>0</nominal>
    <lifetime>14400</lifetime>
    <restock>0</restock>
    <min>0</min>
    <quantmin>10</quantmin>
    <quantmax>100</quantmax>
    <cost>100</cost>
    <flags count_in_cargo="0" count_in_hoarder="0" count_in_map="1" count_in_player="0" crafted="1" deloot="0" />
    <category name="food" />
  </type>
  <type name="geb_LeopardsharkFilletMeat">
    <nominal>0</nominal>
    <lifetime>14400</lifetime>
    <restock>0</restock>
    <min>0</min>
    <quantmin>10</quantmin>
    <quantmax>100</quantmax>
    <cost>100</cost>
    <flags count_in_cargo="0" count_in_hoarder="0" count_in_map="1" count_in_player="0" crafted="1" deloot="0" />
    <category name="food" />
  </type>
  <type name="geb_LightBlueTackle">
    <nominal>0</nominal>
    <lifetime>7200</lifetime>
    <restock>0</restock>
    <min>0</min>
    <quantmin>-1</quantmin>
    <quantmax>-1</quantmax>
    <cost>100</cost>
    <flags count_in_cargo="0" count_in_hoarder="0" count_in_map="1" count_in_player="0" crafted="0" deloot="0" />
    <category name="tools" />
    <usage name="Coast" />
    <usage name="Farm" />
    <usage name="Hunting" />
    <usage name="Village" />
  </type>
  <type name="geb_LimeTackle">
    <nominal>0</nominal>
    <lifetime>7200</lifetime>
    <restock>0</restock>
    <min>0</min>
    <quantmin>-1</quantmin>
    <quantmax>-1</quantmax>
    <cost>100</cost>
    <flags count_in_cargo="0" count_in_hoarder="0" count_in_map="1" count_in_player="0" crafted="0" deloot="0" />
    <category name="tools" />
    <usage name="Coast" />
    <usage name="Farm" />
    <usage name="Hunting" />
    <usage name="Village" />
  </type>
  <type name="geb_Lobster">
    <nominal>0</nominal>
    <lifetime>14400</lifetime>
    <restock>0</restock>
    <min>0</min>
    <quantmin>10</quantmin>
    <quantmax>100</quantmax>
    <cost>100</cost>
    <flags count_in_cargo="0" count_in_hoarder="0" count_in_map="1" count_in_player="0" crafted="1" deloot="0" />
    <category name="food" />
  </type>
  <type name="geb_LobsterFilletMeat">
    <nominal>0</nominal>
    <lifetime>14400</lifetime>
    <restock>0</restock>
    <min>0</min>
    <quantmin>10</quantmin>
    <quantmax>100</quantmax>
    <cost>100</cost>
    <flags count_in_cargo="0" count_in_hoarder="0" count_in_map="1" count_in_player="0" crafted="1" deloot="0" />
    <category name="food" />
  </type>
  <type name="geb_LobsterTail">
    <nominal>0</nominal>
    <lifetime>14400</lifetime>
    <restock>0</restock>
    <min>0</min>
    <quantmin>10</quantmin>
    <quantmax>100</quantmax>
    <cost>100</cost>
    <flags count_in_cargo="0" count_in_hoarder="0" count_in_map="1" count_in_player="0" crafted="1" deloot="0" />
    <category name="food" />
  </type>
  <type name="geb_Lure1">
    <nominal>8</nominal>
    <lifetime>7200</lifetime>
    <restock>0</restock>
    <min>3</min>
    <quantmin>-1</quantmin>
    <quantmax>-1</quantmax>
    <cost>100</cost>
    <flags count_in_cargo="0" count_in_hoarder="0" count_in_map="1" count_in_player="0" crafted="0" deloot="0" />
    <category name="tools" />
    <usage name="Coast" />
    <usage name="Farm" />
    <usage name="Hunting" />
    <usage name="Village" />
  </type>
  <type name="geb_Lure2">
    <nominal>8</nominal>
    <lifetime>7200</lifetime>
    <restock>0</restock>
    <min>3</min>
    <quantmin>-1</quantmin>
    <quantmax>-1</quantmax>
    <cost>100</cost>
    <flags count_in_cargo="0" count_in_hoarder="0" count_in_map="1" count_in_player="0" crafted="0" deloot="0" />
    <category name="tools" />
    <usage name="Coast" />
    <usage name="Farm" />
    <usage name="Hunting" />
    <usage name="Village" />
  </type>
  <type name="geb_Lure3">
    <nominal>8</nominal>
    <lifetime>7200</lifetime>
    <restock>0</restock>
    <min>3</min>
    <quantmin>-1</quantmin>
    <quantmax>-1</quantmax>
    <cost>100</cost>
    <flags count_in_cargo="0" count_in_hoarder="0" count_in_map="1" count_in_player="0" crafted="0" deloot="0" />
    <category name="tools" />
    <usage name="Coast" />
    <usage name="Farm" />
    <usage name="Hunting" />
    <usage name="Village" />
  </type>
  <type name="geb_Lure4">
    <nominal>8</nominal>
    <lifetime>7200</lifetime>
    <restock>0</restock>
    <min>3</min>
    <quantmin>-1</quantmin>
    <quantmax>-1</quantmax>
    <cost>100</cost>
    <flags count_in_cargo="0" count_in_hoarder="0" count_in_map="1" count_in_player="0" crafted="0" deloot="0" />
    <category name="tools" />
    <usage name="Coast" />
    <usage name="Farm" />
    <usage name="Hunting" />
    <usage name="Village" />
  </type>
  <type name="geb_Mahimahi">
    <nominal>0</nominal>
    <lifetime>14400</lifetime>
    <restock>0</restock>
    <min>0</min>
    <quantmin>10</quantmin>
    <quantmax>100</quantmax>
    <cost>100</cost>
    <flags count_in_cargo="0" count_in_hoarder="0" count_in_map="1" count_in_player="0" crafted="1" deloot="0" />
    <category name="food" />
  </type>
  <type name="geb_MahimahiFilletMeat">
    <nominal>0</nominal>
    <lifetime>14400</lifetime>
    <restock>0</restock>
    <min>0</min>
    <quantmin>10</quantmin>
    <quantmax>100</quantmax>
    <cost>100</cost>
    <flags count_in_cargo="0" count_in_hoarder="0" count_in_map="1" count_in_player="0" crafted="1" deloot="0" />
    <category name="food" />
  </type>
  <type name="geb_MetalFieldCricketBait">
    <nominal>0</nominal>
    <lifetime>14400</lifetime>
    <restock>0</restock>
    <min>0</min>
    <quantmin>-1</quantmin>
    <quantmax>-1</quantmax>
    <cost>100</cost>
    <flags count_in_cargo="0" count_in_hoarder="0" count_in_map="1" count_in_player="0" crafted="1" deloot="0" />
    <category name="tools" />
  </type>
  <type name="geb_MetalGrassHopperBait">
    <nominal>0</nominal>
    <lifetime>14400</lifetime>
    <restock>0</restock>
    <min>0</min>
    <quantmin>-1</quantmin>
    <quantmax>-1</quantmax>
    <cost>100</cost>
    <flags count_in_cargo="0" count_in_hoarder="0" count_in_map="1" count_in_player="0" crafted="1" deloot="0" />
    <category name="tools" />
  </type>
  <type name="geb_MetalGrubWormBait">
    <nominal>0</nominal>
    <lifetime>14400</lifetime>
    <restock>0</restock>
    <min>0</min>
    <quantmin>-1</quantmin>
    <quantmax>-1</quantmax>
    <cost>100</cost>
    <flags count_in_cargo="0" count_in_hoarder="0" count_in_map="1" count_in_player="0" crafted="1" deloot="0" />
    <category name="tools" />
  </type>
  <type name="geb_MetalHook">
    <nominal>10</nominal>
    <lifetime>7200</lifetime>
    <restock>0</restock>
    <min>2</min>
    <quantmin>-1</quantmin>
    <quantmax>-1</quantmax>
    <cost>100</cost>
    <flags count_in_cargo="0" count_in_hoarder="0" count_in_map="1" count_in_player="0" crafted="0" deloot="0" />
    <category name="tools" />
    <usage name="Coast" />
    <usage name="Farm" />
    <usage name="Hunting" />
    <usage name="Village" />
  </type>
  <type name="geb_MetalHookBobber1">
    <nominal>10</nominal>
    <lifetime>7200</lifetime>
    <restock>0</restock>
    <min>2</min>
    <quantmin>-1</quantmin>
    <quantmax>-1</quantmax>
    <cost>100</cost>
    <flags count_in_cargo="0" count_in_hoarder="0" count_in_map="1" count_in_player="0" crafted="0" deloot="0" />
    <category name="tools" />
    <usage name="Coast" />
    <usage name="Farm" />
    <usage name="Hunting" />
    <usage name="Village" />
  </type>
  <type name="geb_MetalHookBobber2">
    <nominal>10</nominal>
    <lifetime>7200</lifetime>
    <restock>0</restock>
    <min>2</min>
    <quantmin>-1</quantmin>
    <quantmax>-1</quantmax>
    <cost>100</cost>
    <flags count_in_cargo="0" count_in_hoarder="0" count_in_map="1" count_in_player="0" crafted="0" deloot="0" />
    <category name="tools" />
    <usage name="Coast" />
    <usage name="Farm" />
    <usage name="Hunting" />
    <usage name="Village" />
  </type>
  <type name="geb_MetalHookBobber3">
    <nominal>10</nominal>
    <lifetime>7200</lifetime>
    <restock>0</restock>
    <min>2</min>
    <quantmin>-1</quantmin>
    <quantmax>-1</quantmax>
    <cost>100</cost>
    <flags count_in_cargo="0" count_in_hoarder="0" count_in_map="1" count_in_player="0" crafted="0" deloot="0" />
    <category name="tools" />
    <usage name="Coast" />
    <usage name="Farm" />
    <usage name="Hunting" />
    <usage name="Village" />
  </type>
  <type name="geb_MetalHookBobber4">
    <nominal>10</nominal>
    <lifetime>7200</lifetime>
    <restock>0</restock>
    <min>2</min>
    <quantmin>-1</quantmin>
    <quantmax>-1</quantmax>
    <cost>100</cost>
    <flags count_in_cargo="0" count_in_hoarder="0" count_in_map="1" count_in_player="0" crafted="0" deloot="0" />
    <category name="tools" />
    <usage name="Coast" />
    <usage name="Farm" />
    <usage name="Hunting" />
    <usage name="Village" />
  </type>
  <type name="geb_MetalRubberWormBait">
    <nominal>0</nominal>
    <lifetime>14400</lifetime>
    <restock>0</restock>
    <min>0</min>
    <quantmin>-1</quantmin>
    <quantmax>-1</quantmax>
    <cost>100</cost>
    <flags count_in_cargo="0" count_in_hoarder="0" count_in_map="1" count_in_player="0" crafted="1" deloot="0" />
    <category name="tools" />
  </type>
  <type name="geb_MetalWormBait">
    <nominal>0</nominal>
    <lifetime>14400</lifetime>
    <restock>0</restock>
    <min>0</min>
    <quantmin>-1</quantmin>
    <quantmax>-1</quantmax>
    <cost>100</cost>
    <flags count_in_cargo="0" count_in_hoarder="0" count_in_map="1" count_in_player="0" crafted="1" deloot="0" />
    <category name="tools" />
  </type>
  <type name="geb_Minnow">
    <nominal>0</nominal>
    <lifetime>14400</lifetime>
    <restock>0</restock>
    <min>0</min>
    <quantmin>10</quantmin>
    <quantmax>100</quantmax>
    <cost>100</cost>
    <flags count_in_cargo="0" count_in_hoarder="0" count_in_map="1" count_in_player="0" crafted="1" deloot="0" />
    <category name="food" />
  </type>
  <type name="geb_MinnowBucket">
    <nominal>3</nominal>
    <lifetime>7200</lifetime>
    <restock>0</restock>
    <min>1</min>
    <quantmin>-1</quantmin>
    <quantmax>-1</quantmax>
    <cost>100</cost>
    <flags count_in_cargo="0" count_in_hoarder="0" count_in_map="1" count_in_player="0" crafted="0" deloot="0" />
    <category name="tools" />
    <usage name="Coast" />
    <usage name="Farm" />
    <usage name="Hunting" />
    <usage name="Village" />
  </type>
  <type name="geb_MinnowFilletMeat">
    <nominal>0</nominal>
    <lifetime>14400</lifetime>
    <restock>0</restock>
    <min>0</min>
    <quantmin>10</quantmin>
    <quantmax>100</quantmax>
    <cost>100</cost>
    <flags count_in_cargo="0" count_in_hoarder="0" count_in_map="1" count_in_player="0" crafted="1" deloot="0" />
    <category name="food" />
  </type>
  <type name="geb_Mussel">
    <nominal>0</nominal>
    <lifetime>14400</lifetime>
    <restock>0</restock>
    <min>0</min>
    <quantmin>10</quantmin>
    <quantmax>100</quantmax>
    <cost>100</cost>
    <flags count_in_cargo="0" count_in_hoarder="0" count_in_map="1" count_in_player="0" crafted="1" deloot="0" />
    <category name="food" />
  </type>
  <type name="geb_MusselFilletMeat">
    <nominal>0</nominal>
    <lifetime>14400</lifetime>
    <restock>0</restock>
    <min>0</min>
    <quantmin>10</quantmin>
    <quantmax>100</quantmax>
    <cost>100</cost>
    <flags count_in_cargo="0" count_in_hoarder="0" count_in_map="1" count_in_player="0" crafted="1" deloot="0" />
    <category name="food" />
  </type>
  <type name="geb_Northernpike">
    <nominal>0</nominal>
    <lifetime>14400</lifetime>
    <restock>0</restock>
    <min>0</min>
    <quantmin>10</quantmin>
    <quantmax>100</quantmax>
    <cost>100</cost>
    <flags count_in_cargo="0" count_in_hoarder="0" count_in_map="1" count_in_player="0" crafted="1" deloot="0" />
    <category name="food" />
  </type>
  <type name="geb_NorthernpikeFilletMeat">
    <nominal>0</nominal>
    <lifetime>14400</lifetime>
    <restock>0</restock>
    <min>0</min>
    <quantmin>10</quantmin>
    <quantmax>100</quantmax>
    <cost>100</cost>
    <flags count_in_cargo="0" count_in_hoarder="0" count_in_map="1" count_in_player="0" crafted="1" deloot="0" />
    <category name="food" />
  </type>
  <type name="geb_OldBlueTackleBox">
    <nominal>0</nominal>
    <lifetime>7200</lifetime>
    <restock>0</restock>
    <min>0</min>
    <quantmin>-1</quantmin>
    <quantmax>-1</quantmax>
    <cost>100</cost>
    <flags count_in_cargo="0" count_in_hoarder="0" count_in_map="1" count_in_player="0" crafted="0" deloot="0" />
    <category name="tools" />
    <usage name="Coast" />
    <usage name="Farm" />
    <usage name="Hunting" />
    <usage name="Village" />
  </type>
  <type name="geb_OldGreenTackleBox">
    <nominal>0</nominal>
    <lifetime>7200</lifetime>
    <restock>0</restock>
    <min>0</min>
    <quantmin>-1</quantmin>
    <quantmax>-1</quantmax>
    <cost>100</cost>
    <flags count_in_cargo="0" count_in_hoarder="0" count_in_map="1" count_in_player="0" crafted="0" deloot="0" />
    <category name="tools" />
    <usage name="Coast" />
    <usage name="Farm" />
    <usage name="Hunting" />
    <usage name="Village" />
  </type>
  <type name="geb_OldPurpleTackleBox">
    <nominal>0</nominal>
    <lifetime>7200</lifetime>
    <restock>0</restock>
    <min>0</min>
    <quantmin>-1</quantmin>
    <quantmax>-1</quantmax>
    <cost>100</cost>
    <flags count_in_cargo="0" count_in_hoarder="0" count_in_map="1" count_in_player="0" crafted="0" deloot="0" />
    <category name="tools" />
    <usage name="Coast" />
    <usage name="Farm" />
    <usage name="Hunting" />
    <usage name="Village" />
  </type>
  <type name="geb_OldRedTackleBox">
    <nominal>0</nominal>
    <lifetime>7200</lifetime>
    <restock>0</restock>
    <min>0</min>
    <quantmin>-1</quantmin>
    <quantmax>-1</quantmax>
    <cost>100</cost>
    <flags count_in_cargo="0" count_in_hoarder="0" count_in_map="1" count_in_player="0" crafted="0" deloot="0" />
    <category name="tools" />
    <usage name="Coast" />
    <usage name="Farm" />
    <usage name="Hunting" />
    <usage name="Village" />
  </type>
  <type name="geb_OrangeFishKnife">
    <nominal>3</nominal>
    <lifetime>7200</lifetime>
    <restock>0</restock>
    <min>1</min>
    <quantmin>-1</quantmin>
    <quantmax>-1</quantmax>
    <cost>100</cost>
    <flags count_in_cargo="0" count_in_hoarder="0" count_in_map="1" count_in_player="0" crafted="0" deloot="0" />
    <category name="tools" />
    <usage name="Coast" />
    <usage name="Farm" />
    <usage name="Hunting" />
    <usage name="Village" />
  </type>
  <type name="geb_OrangeTackle">
    <nominal>0</nominal>
    <lifetime>7200</lifetime>
    <restock>0</restock>
    <min>0</min>
    <quantmin>-1</quantmin>
    <quantmax>-1</quantmax>
    <cost>100</cost>
    <flags count_in_cargo="0" count_in_hoarder="0" count_in_map="1" count_in_player="0" crafted="0" deloot="0" />
    <category name="tools" />
    <usage name="Coast" />
    <usage name="Farm" />
    <usage name="Hunting" />
    <usage name="Village" />
  </type>
  <type name="geb_Pacificcod">
    <nominal>0</nominal>
    <lifetime>14400</lifetime>
    <restock>0</restock>
    <min>0</min>
    <quantmin>10</quantmin>
    <quantmax>100</quantmax>
    <cost>100</cost>
    <flags count_in_cargo="0" count_in_hoarder="0" count_in_map="1" count_in_player="0" crafted="1" deloot="0" />
    <category name="food" />
  </type>
  <type name="geb_PacificcodFilletMeat">
    <nominal>0</nominal>
    <lifetime>14400</lifetime>
    <restock>0</restock>
    <min>0</min>
    <quantmin>10</quantmin>
    <quantmax>100</quantmax>
    <cost>100</cost>
    <flags count_in_cargo="0" count_in_hoarder="0" count_in_map="1" count_in_player="0" crafted="1" deloot="0" />
    <category name="food" />
  </type>
  <type name="geb_Perch">
    <nominal>0</nominal>
    <lifetime>14400</lifetime>
    <restock>0</restock>
    <min>0</min>
    <quantmin>10</quantmin>
    <quantmax>100</quantmax>
    <cost>100</cost>
    <flags count_in_cargo="0" count_in_hoarder="0" count_in_map="1" count_in_player="0" crafted="1" deloot="0" />
    <category name="food" />
  </type>
  <type name="geb_PerchFilletMeat">
    <nominal>0</nominal>
    <lifetime>14400</lifetime>
    <restock>0</restock>
    <min>0</min>
    <quantmin>10</quantmin>
    <quantmax>100</quantmax>
    <cost>100</cost>
    <flags count_in_cargo="0" count_in_hoarder="0" count_in_map="1" count_in_player="0" crafted="1" deloot="0" />
    <category name="food" />
  </type>
  <type name="geb_PinkTackle">
    <nominal>0</nominal>
    <lifetime>7200</lifetime>
    <restock>0</restock>
    <min>0</min>
    <quantmin>-1</quantmin>
    <quantmax>-1</quantmax>
    <cost>100</cost>
    <flags count_in_cargo="0" count_in_hoarder="0" count_in_map="1" count_in_player="0" crafted="0" deloot="0" />
    <category name="tools" />
    <usage name="Coast" />
    <usage name="Farm" />
    <usage name="Hunting" />
    <usage name="Village" />
  </type>
  <type name="geb_PurpleFishHat">
    <nominal>0</nominal>
    <lifetime>7200</lifetime>
    <restock>0</restock>
    <min>0</min>
    <quantmin>-1</quantmin>
    <quantmax>-1</quantmax>
    <cost>100</cost>
    <flags count_in_cargo="0" count_in_hoarder="0" count_in_map="1" count_in_player="0" crafted="0" deloot="0" />
    <category name="clothes" />
    <usage name="Coast" />
    <usage name="Farm" />
    <usage name="Hunting" />
    <usage name="Village" />
  </type>
  <type name="geb_PurpleFishingRod">
    <nominal>5</nominal>
    <lifetime>7200</lifetime>
    <restock>0</restock>
    <min>1</min>
    <quantmin>-1</quantmin>
    <quantmax>-1</quantmax>
    <cost>100</cost>
    <flags count_in_cargo="0" count_in_hoarder="0" count_in_map="1" count_in_player="0" crafted="0" deloot="0" />
    <category name="tools" />
    <usage name="Coast" />
    <usage name="Farm" />
    <usage name="Hunting" />
    <usage name="Village" />
  </type>
  <type name="geb_PurpleFishKnife">
    <nominal>3</nominal>
    <lifetime>7200</lifetime>
    <restock>0</restock>
    <min>1</min>
    <quantmin>-1</quantmin>
    <quantmax>-1</quantmax>
    <cost>100</cost>
    <flags count_in_cargo="0" count_in_hoarder="0" count_in_map="1" count_in_player="0" crafted="0" deloot="0" />
    <category name="tools" />
    <usage name="Coast" />
    <usage name="Farm" />
    <usage name="Hunting" />
    <usage name="Village" />
  </type>
  <type name="geb_PurpleFishShirt">
    <nominal>0</nominal>
    <lifetime>7200</lifetime>
    <restock>0</restock>
    <min>0</min>
    <quantmin>-1</quantmin>
    <quantmax>-1</quantmax>
    <cost>100</cost>
    <flags count_in_cargo="0" count_in_hoarder="0" count_in_map="1" count_in_player="0" crafted="0" deloot="0" />
    <category name="clothes" />
    <usage name="Coast" />
    <usage name="Farm" />
    <usage name="Hunting" />
    <usage name="Village" />
  </type>
  <type name="geb_PurpleTackle">
    <nominal>0</nominal>
    <lifetime>7200</lifetime>
    <restock>0</restock>
    <min>0</min>
    <quantmin>-1</quantmin>
    <quantmax>-1</quantmax>
    <cost>100</cost>
    <flags count_in_cargo="0" count_in_hoarder="0" count_in_map="1" count_in_player="0" crafted="0" deloot="0" />
    <category name="tools" />
    <usage name="Coast" />
    <usage name="Farm" />
    <usage name="Hunting" />
    <usage name="Village" />
  </type>
  <type name="geb_RedFishHat">
    <nominal>0</nominal>
    <lifetime>7200</lifetime>
    <restock>0</restock>
    <min>0</min>
    <quantmin>-1</quantmin>
    <quantmax>-1</quantmax>
    <cost>100</cost>
    <flags count_in_cargo="0" count_in_hoarder="0" count_in_map="1" count_in_player="0" crafted="0" deloot="0" />
    <category name="clothes" />
    <usage name="Coast" />
    <usage name="Farm" />
    <usage name="Hunting" />
    <usage name="Village" />
  </type>
  <type name="geb_RedFishingRod">
    <nominal>5</nominal>
    <lifetime>7200</lifetime>
    <restock>0</restock>
    <min>1</min>
    <quantmin>-1</quantmin>
    <quantmax>-1</quantmax>
    <cost>100</cost>
    <flags count_in_cargo="0" count_in_hoarder="0" count_in_map="1" count_in_player="0" crafted="0" deloot="0" />
    <category name="tools" />
    <usage name="Coast" />
    <usage name="Farm" />
    <usage name="Hunting" />
    <usage name="Village" />
  </type>
  <type name="geb_RedFishKnife">
    <nominal>3</nominal>
    <lifetime>7200</lifetime>
    <restock>0</restock>
    <min>1</min>
    <quantmin>-1</quantmin>
    <quantmax>-1</quantmax>
    <cost>100</cost>
    <flags count_in_cargo="0" count_in_hoarder="0" count_in_map="1" count_in_player="0" crafted="0" deloot="0" />
    <category name="tools" />
    <usage name="Coast" />
    <usage name="Farm" />
    <usage name="Hunting" />
    <usage name="Village" />
  </type>
  <type name="geb_RedFishShirt">
    <nominal>0</nominal>
    <lifetime>7200</lifetime>
    <restock>0</restock>
    <min>0</min>
    <quantmin>-1</quantmin>
    <quantmax>-1</quantmax>
    <cost>100</cost>
    <flags count_in_cargo="0" count_in_hoarder="0" count_in_map="1" count_in_player="0" crafted="0" deloot="0" />
    <category name="clothes" />
    <usage name="Coast" />
    <usage name="Farm" />
    <usage name="Hunting" />
    <usage name="Village" />
  </type>
  <type name="geb_Redheadcichlid">
    <nominal>0</nominal>
    <lifetime>14400</lifetime>
    <restock>0</restock>
    <min>0</min>
    <quantmin>10</quantmin>
    <quantmax>100</quantmax>
    <cost>100</cost>
    <flags count_in_cargo="0" count_in_hoarder="0" count_in_map="1" count_in_player="0" crafted="1" deloot="0" />
    <category name="food" />
  </type>
  <type name="geb_RedheadcichlidFilletMeat">
    <nominal>0</nominal>
    <lifetime>14400</lifetime>
    <restock>0</restock>
    <min>0</min>
    <quantmin>10</quantmin>
    <quantmax>100</quantmax>
    <cost>100</cost>
    <flags count_in_cargo="0" count_in_hoarder="0" count_in_map="1" count_in_player="0" crafted="1" deloot="0" />
    <category name="food" />
  </type>
  <type name="geb_RedTackle">
    <nominal>0</nominal>
    <lifetime>7200</lifetime>
    <restock>0</restock>
    <min>0</min>
    <quantmin>-1</quantmin>
    <quantmax>-1</quantmax>
    <cost>100</cost>
    <flags count_in_cargo="0" count_in_hoarder="0" count_in_map="1" count_in_player="0" crafted="0" deloot="0" />
    <category name="tools" />
    <usage name="Coast" />
    <usage name="Farm" />
    <usage name="Hunting" />
    <usage name="Village" />
  </type>
  <type name="geb_Roughneckrock">
    <nominal>0</nominal>
    <lifetime>14400</lifetime>
    <restock>0</restock>
    <min>0</min>
    <quantmin>10</quantmin>
    <quantmax>100</quantmax>
    <cost>100</cost>
    <flags count_in_cargo="0" count_in_hoarder="0" count_in_map="1" count_in_player="0" crafted="1" deloot="0" />
    <category name="food" />
  </type>
  <type name="geb_RoughneckrockFilletMeat">
    <nominal>0</nominal>
    <lifetime>14400</lifetime>
    <restock>0</restock>
    <min>0</min>
    <quantmin>10</quantmin>
    <quantmax>100</quantmax>
    <cost>100</cost>
    <flags count_in_cargo="0" count_in_hoarder="0" count_in_map="1" count_in_player="0" crafted="1" deloot="0" />
    <category name="food" />
  </type>
  <type name="geb_RubberWorm">
    <nominal>15</nominal>
    <lifetime>7200</lifetime>
    <restock>0</restock>
    <min>5</min>
    <quantmin>-1</quantmin>
    <quantmax>-1</quantmax>
    <cost>100</cost>
    <flags count_in_cargo="0" count_in_hoarder="0" count_in_map="1" count_in_player="0" crafted="0" deloot="0" />
    <category name="tools" />
    <usage name="Coast" />
    <usage name="Farm" />
    <usage name="Hunting" />
    <usage name="Village" />
  </type>
  <type name="geb_Sailfish">
    <nominal>0</nominal>
    <lifetime>14400</lifetime>
    <restock>0</restock>
    <min>0</min>
    <quantmin>10</quantmin>
    <quantmax>100</quantmax>
    <cost>100</cost>
    <flags count_in_cargo="0" count_in_hoarder="0" count_in_map="1" count_in_player="0" crafted="1" deloot="0" />
    <category name="food" />
  </type>
  <type name="geb_SailfishFilletMeat">
    <nominal>0</nominal>
    <lifetime>14400</lifetime>
    <restock>0</restock>
    <min>0</min>
    <quantmin>10</quantmin>
    <quantmax>100</quantmax>
    <cost>100</cost>
    <flags count_in_cargo="0" count_in_hoarder="0" count_in_map="1" count_in_player="0" crafted="1" deloot="0" />
    <category name="food" />
  </type>
  <type name="geb_SaltwaterFishingLine">
    <nominal>8</nominal>
    <lifetime>7200</lifetime>
    <restock>0</restock>
    <min>3</min>
    <quantmin>-1</quantmin>
    <quantmax>-1</quantmax>
    <cost>100</cost>
    <flags count_in_cargo="0" count_in_hoarder="0" count_in_map="1" count_in_player="0" crafted="0" deloot="0" />
    <category name="tools" />
    <usage name="Coast" />
    <usage name="Farm" />
    <usage name="Hunting" />
    <usage name="Village" />
  </type>
  <type name="geb_Sauger">
    <nominal>0</nominal>
    <lifetime>14400</lifetime>
    <restock>0</restock>
    <min>0</min>
    <quantmin>10</quantmin>
    <quantmax>100</quantmax>
    <cost>100</cost>
    <flags count_in_cargo="0" count_in_hoarder="0" count_in_map="1" count_in_player="0" crafted="1" deloot="0" />
    <category name="food" />
  </type>
  <type name="geb_SaugerFilletMeat">
    <nominal>0</nominal>
    <lifetime>14400</lifetime>
    <restock>0</restock>
    <min>0</min>
    <quantmin>10</quantmin>
    <quantmax>100</quantmax>
    <cost>100</cost>
    <flags count_in_cargo="0" count_in_hoarder="0" count_in_map="1" count_in_player="0" crafted="1" deloot="0" />
    <category name="food" />
  </type>
  <type name="geb_Severum">
    <nominal>0</nominal>
    <lifetime>14400</lifetime>
    <restock>0</restock>
    <min>0</min>
    <quantmin>10</quantmin>
    <quantmax>100</quantmax>
    <cost>100</cost>
    <flags count_in_cargo="0" count_in_hoarder="0" count_in_map="1" count_in_player="0" crafted="1" deloot="0" />
    <category name="food" />
  </type>
  <type name="geb_SeverumFilletMeat">
    <nominal>0</nominal>
    <lifetime>14400</lifetime>
    <restock>0</restock>
    <min>0</min>
    <quantmin>10</quantmin>
    <quantmax>100</quantmax>
    <cost>100</cost>
    <flags count_in_cargo="0" count_in_hoarder="0" count_in_map="1" count_in_player="0" crafted="1" deloot="0" />
    <category name="food" />
  </type>
  <type name="geb_Shrimp">
    <nominal>0</nominal>
    <lifetime>14400</lifetime>
    <restock>0</restock>
    <min>0</min>
    <quantmin>10</quantmin>
    <quantmax>100</quantmax>
    <cost>100</cost>
    <flags count_in_cargo="0" count_in_hoarder="0" count_in_map="1" count_in_player="0" crafted="1" deloot="0" />
    <category name="food" />
  </type>
  <type name="geb_ShrimpFilletMeat">
    <nominal>0</nominal>
    <lifetime>14400</lifetime>
    <restock>0</restock>
    <min>0</min>
    <quantmin>10</quantmin>
    <quantmax>100</quantmax>
    <cost>100</cost>
    <flags count_in_cargo="0" count_in_hoarder="0" count_in_map="1" count_in_player="0" crafted="1" deloot="0" />
    <category name="food" />
  </type>
  <type name="geb_Siamesetigerfish">
    <nominal>0</nominal>
    <lifetime>14400</lifetime>
    <restock>0</restock>
    <min>0</min>
    <quantmin>10</quantmin>
    <quantmax>100</quantmax>
    <cost>100</cost>
    <flags count_in_cargo="0" count_in_hoarder="0" count_in_map="1" count_in_player="0" crafted="1" deloot="0" />
    <category name="food" />
  </type>
  <type name="geb_SiamesetigerfishFilletMeat">
    <nominal>0</nominal>
    <lifetime>14400</lifetime>
    <restock>0</restock>
    <min>0</min>
    <quantmin>10</quantmin>
    <quantmax>100</quantmax>
    <cost>100</cost>
    <flags count_in_cargo="0" count_in_hoarder="0" count_in_map="1" count_in_player="0" crafted="1" deloot="0" />
    <category name="food" />
  </type>
  <type name="geb_Slimysculpin">
    <nominal>0</nominal>
    <lifetime>14400</lifetime>
    <restock>0</restock>
    <min>0</min>
    <quantmin>10</quantmin>
    <quantmax>100</quantmax>
    <cost>100</cost>
    <flags count_in_cargo="0" count_in_hoarder="0" count_in_map="1" count_in_player="0" crafted="1" deloot="0" />
    <category name="food" />
  </type>
  <type name="geb_SlimysculpinFilletMeat">
    <nominal>0</nominal>
    <lifetime>14400</lifetime>
    <restock>0</restock>
    <min>0</min>
    <quantmin>10</quantmin>
    <quantmax>100</quantmax>
    <cost>100</cost>
    <flags count_in_cargo="0" count_in_hoarder="0" count_in_map="1" count_in_player="0" crafted="1" deloot="0" />
    <category name="food" />
  </type>
  <type name="geb_Smallmouthbass">
    <nominal>0</nominal>
    <lifetime>14400</lifetime>
    <restock>0</restock>
    <min>0</min>
    <quantmin>10</quantmin>
    <quantmax>100</quantmax>
    <cost>100</cost>
    <flags count_in_cargo="0" count_in_hoarder="0" count_in_map="1" count_in_player="0" crafted="1" deloot="0" />
    <category name="food" />
  </type>
  <type name="geb_SmallmouthbassFilletMeat">
    <nominal>0</nominal>
    <lifetime>14400</lifetime>
    <restock>0</restock>
    <min>0</min>
    <quantmin>10</quantmin>
    <quantmax>100</quantmax>
    <cost>100</cost>
    <flags count_in_cargo="0" count_in_hoarder="0" count_in_map="1" count_in_player="0" crafted="1" deloot="0" />
    <category name="food" />
  </type>
  <type name="geb_SmallTackle">
    <nominal>5</nominal>
    <lifetime>106800</lifetime>
    <restock>0</restock>
    <min>2</min>
    <quantmin>-1</quantmin>
    <quantmax>-1</quantmax>
    <cost>100</cost>
    <flags count_in_cargo="0" count_in_hoarder="0" count_in_map="1" count_in_player="0" crafted="0" deloot="0" />
    <category name="tools" />
    <usage name="Coast" />
    <usage name="Farm" />
    <usage name="Hunting" />
    <usage name="Village" />
  </type>
  <type name="geb_SpinnerBait1">
    <nominal>8</nominal>
    <lifetime>7200</lifetime>
    <restock>0</restock>
    <min>3</min>
    <quantmin>-1</quantmin>
    <quantmax>-1</quantmax>
    <cost>100</cost>
    <flags count_in_cargo="0" count_in_hoarder="0" count_in_map="1" count_in_player="0" crafted="0" deloot="0" />
    <category name="tools" />
    <usage name="Coast" />
    <usage name="Farm" />
    <usage name="Hunting" />
    <usage name="Village" />
  </type>
  <type name="geb_SpinnerBait2">
    <nominal>8</nominal>
    <lifetime>7200</lifetime>
    <restock>0</restock>
    <min>3</min>
    <quantmin>-1</quantmin>
    <quantmax>-1</quantmax>
    <cost>100</cost>
    <flags count_in_cargo="0" count_in_hoarder="0" count_in_map="1" count_in_player="0" crafted="0" deloot="0" />
    <category name="tools" />
    <usage name="Coast" />
    <usage name="Farm" />
    <usage name="Hunting" />
    <usage name="Village" />
  </type>
  <type name="geb_SpinnerBait3">
    <nominal>8</nominal>
    <lifetime>7200</lifetime>
    <restock>0</restock>
    <min>3</min>
    <quantmin>-1</quantmin>
    <quantmax>-1</quantmax>
    <cost>100</cost>
    <flags count_in_cargo="0" count_in_hoarder="0" count_in_map="1" count_in_player="0" crafted="0" deloot="0" />
    <category name="tools" />
    <usage name="Coast" />
    <usage name="Farm" />
    <usage name="Hunting" />
    <usage name="Village" />
  </type>
  <type name="geb_SpinnerBait4">
    <nominal>8</nominal>
    <lifetime>7200</lifetime>
    <restock>0</restock>
    <min>3</min>
    <quantmin>-1</quantmin>
    <quantmax>-1</quantmax>
    <cost>100</cost>
    <flags count_in_cargo="0" count_in_hoarder="0" count_in_map="1" count_in_player="0" crafted="0" deloot="0" />
    <category name="tools" />
    <usage name="Coast" />
    <usage name="Farm" />
    <usage name="Hunting" />
    <usage name="Village" />
  </type>
  <type name="geb_Starfish">
    <nominal>0</nominal>
    <lifetime>14400</lifetime>
    <restock>0</restock>
    <min>0</min>
    <quantmin>10</quantmin>
    <quantmax>100</quantmax>
    <cost>100</cost>
    <flags count_in_cargo="0" count_in_hoarder="0" count_in_map="1" count_in_player="0" crafted="1" deloot="0" />
    <category name="food" />
  </type>
  <type name="geb_Sunfish">
    <nominal>0</nominal>
    <lifetime>14400</lifetime>
    <restock>0</restock>
    <min>0</min>
    <quantmin>10</quantmin>
    <quantmax>100</quantmax>
    <cost>100</cost>
    <flags count_in_cargo="0" count_in_hoarder="0" count_in_map="1" count_in_player="0" crafted="1" deloot="0" />
    <category name="food" />
  </type>
  <type name="geb_SunfishFilletMeat">
    <nominal>0</nominal>
    <lifetime>14400</lifetime>
    <restock>0</restock>
    <min>0</min>
    <quantmin>10</quantmin>
    <quantmax>100</quantmax>
    <cost>100</cost>
    <flags count_in_cargo="0" count_in_hoarder="0" count_in_map="1" count_in_player="0" crafted="1" deloot="0" />
    <category name="food" />
  </type>
  <type name="geb_Trout">
    <nominal>0</nominal>
    <lifetime>14400</lifetime>
    <restock>0</restock>
    <min>0</min>
    <quantmin>10</quantmin>
    <quantmax>100</quantmax>
    <cost>100</cost>
    <flags count_in_cargo="0" count_in_hoarder="0" count_in_map="1" count_in_player="0" crafted="1" deloot="0" />
    <category name="food" />
  </type>
  <type name="geb_TroutFilletMeat">
    <nominal>0</nominal>
    <lifetime>14400</lifetime>
    <restock>0</restock>
    <min>0</min>
    <quantmin>10</quantmin>
    <quantmax>100</quantmax>
    <cost>100</cost>
    <flags count_in_cargo="0" count_in_hoarder="0" count_in_map="1" count_in_player="0" crafted="1" deloot="0" />
    <category name="food" />
  </type>
  <type name="geb_Walleye">
    <nominal>0</nominal>
    <lifetime>14400</lifetime>
    <restock>0</restock>
    <min>0</min>
    <quantmin>10</quantmin>
    <quantmax>100</quantmax>
    <cost>100</cost>
    <flags count_in_cargo="0" count_in_hoarder="0" count_in_map="1" count_in_player="0" crafted="1" deloot="0" />
    <category name="food" />
  </type>
  <type name="geb_WalleyeFilletMeat">
    <nominal>0</nominal>
    <lifetime>14400</lifetime>
    <restock>0</restock>
    <min>0</min>
    <quantmin>10</quantmin>
    <quantmax>100</quantmax>
    <cost>100</cost>
    <flags count_in_cargo="0" count_in_hoarder="0" count_in_map="1" count_in_player="0" crafted="1" deloot="0" />
    <category name="food" />
  </type>
  <type name="geb_Whitebass">
    <nominal>0</nominal>
    <lifetime>14400</lifetime>
    <restock>0</restock>
    <min>0</min>
    <quantmin>10</quantmin>
    <quantmax>100</quantmax>
    <cost>100</cost>
    <flags count_in_cargo="0" count_in_hoarder="0" count_in_map="1" count_in_player="0" crafted="1" deloot="0" />
    <category name="food" />
  </type>
  <type name="geb_WhitebassFilletMeat">
    <nominal>0</nominal>
    <lifetime>14400</lifetime>
    <restock>0</restock>
    <min>0</min>
    <quantmin>10</quantmin>
    <quantmax>100</quantmax>
    <cost>100</cost>
    <flags count_in_cargo="0" count_in_hoarder="0" count_in_map="1" count_in_player="0" crafted="1" deloot="0" />
    <category name="food" />
  </type>
  <type name="geb_WormContainer">
    <nominal>10</nominal>
    <lifetime>7200</lifetime>
    <restock>0</restock>
    <min>2</min>
    <quantmin>-1</quantmin>
    <quantmax>-1</quantmax>
    <cost>100</cost>
    <flags count_in_cargo="0" count_in_hoarder="0" count_in_map="1" count_in_player="0" crafted="0" deloot="0" />
    <category name="tools" />
    <usage name="Coast" />
    <usage name="Farm" />
    <usage name="Hunting" />
    <usage name="Village" />
  </type>
  <type name="geb_Yellowfintuna">
    <nominal>0</nominal>
    <lifetime>14400</lifetime>
    <restock>0</restock>
    <min>0</min>
    <quantmin>10</quantmin>
    <quantmax>100</quantmax>
    <cost>100</cost>
    <flags count_in_cargo="0" count_in_hoarder="0" count_in_map="1" count_in_player="0" crafted="1" deloot="0" />
    <category name="food" />
  </type>
  <type name="geb_YellowfintunaFilletMeat">
    <nominal>0</nominal>
    <lifetime>14400</lifetime>
    <restock>0</restock>
    <min>0</min>
    <quantmin>10</quantmin>
    <quantmax>100</quantmax>
    <cost>100</cost>
    <flags count_in_cargo="0" count_in_hoarder="0" count_in_map="1" count_in_player="0" crafted="1" deloot="0" />
    <category name="food" />
  </type>
  <type name="geb_YellowFishKnife">
    <nominal>3</nominal>
    <lifetime>7200</lifetime>
    <restock>0</restock>
    <min>1</min>
    <quantmin>-1</quantmin>
    <quantmax>-1</quantmax>
    <cost>100</cost>
    <flags count_in_cargo="0" count_in_hoarder="0" count_in_map="1" count_in_player="0" crafted="0" deloot="0" />
    <category name="tools" />
    <usage name="Coast" />
    <usage name="Farm" />
    <usage name="Hunting" />
    <usage name="Village" />
  </type>
  <type name="geb_YellowTackle">
    <nominal>0</nominal>
    <lifetime>7200</lifetime>
    <restock>0</restock>
    <min>0</min>
    <quantmin>-1</quantmin>
    <quantmax>-1</quantmax>
    <cost>100</cost>
    <flags count_in_cargo="0" count_in_hoarder="0" count_in_map="1" count_in_player="0" crafted="0" deloot="0" />
    <category name="tools" />
    <usage name="Coast" />
    <usage name="Farm" />
    <usage name="Hunting" />
    <usage name="Village" />
  </type>
</types>