<?xml version="1.0" encoding="UTF-8" standalone="yes"?>
<types>
  <type name="rag_hunting_cabin">
    <lifetime>3888000</lifetime>
    <flags count_in_cargo="0" count_in_hoarder="0" count_in_map="1" count_in_player="0" crafted="1" deloot="0" />
  </type>
  <type name="rag_hunting_cabin_hologram">
    <lifetime>1209600</lifetime>
    <flags count_in_cargo="0" count_in_hoarder="0" count_in_map="1" count_in_player="0" crafted="1" deloot="0" />
  </type>
  <type name="rag_hunting_cabin_kit">
    <lifetime>7200</lifetime>
    <flags count_in_cargo="0" count_in_hoarder="0" count_in_map="1" count_in_player="0" crafted="1" deloot="0" />
  </type>
  <type name="rag_temp_materials_box">
    <lifetime>1200</lifetime>
    <flags count_in_cargo="0" count_in_hoarder="0" count_in_map="1" count_in_player="0" crafted="1" deloot="0" />
  </type>
</types>