<?xml version="1.0" encoding="UTF-8" standalone="yes"?>
<events>
  <event name="VehicleJeep">
    <nominal>1</nominal>
    <min>1</min>
    <max>1</max>
    <lifetime>300</lifetime>
    <restock>0</restock>
    <saferadius>500</saferadius>
    <distanceradius>500</distanceradius>
    <cleanupradius>200</cleanupradius>
    <secondary>InfectedGil_NBC_Green</secondary>
    <flags deletable="0" init_random="0" remove_damaged="1" />
    <position>fixed</position>
    <limit>mixed</limit>
    <active>1</active>
    <children>
      <child lootmax="0" lootmin="0" max="1" min="0" type="Jeep_GladiatorF9_BOSS_Black" />
    </children>
  </event>
</events>