<?xml version="1.0" encoding="UTF-8" standalone="yes"?>
<types>
  <type name="EFT_inj_Propital">
    <nominal>20</nominal>
    <lifetime>7200</lifetime>
    <restock>180</restock>
    <min>10</min>
    <quantmin>-1</quantmin>
    <quantmax>-1</quantmax>
    <cost>100</cost>
    <flags count_in_cargo="0" count_in_hoarder="0" count_in_map="1" count_in_player="0" crafted="0" deloot="0" />
    <category name="food" />
  </type>
  <type name="EFT_med_AFAK">
    <nominal>20</nominal>
    <lifetime>7200</lifetime>
    <restock>180</restock>
    <min>10</min>
    <quantmin>-1</quantmin>
    <quantmax>-1</quantmax>
    <cost>100</cost>
    <flags count_in_cargo="0" count_in_hoarder="0" count_in_map="1" count_in_player="0" crafted="0" deloot="0" />
    <category name="food" />
  </type>
  <type name="EFT_med_Bandage">
    <nominal>20</nominal>
    <lifetime>7200</lifetime>
    <restock>180</restock>
    <min>10</min>
    <quantmin>-1</quantmin>
    <quantmax>-1</quantmax>
    <cost>100</cost>
    <flags count_in_cargo="0" count_in_hoarder="0" count_in_map="1" count_in_player="0" crafted="0" deloot="0" />
    <category name="food" />
  </type>
  <type name="EFT_med_Bandage_army">
    <nominal>20</nominal>
    <lifetime>7200</lifetime>
    <restock>180</restock>
    <min>10</min>
    <quantmin>-1</quantmin>
    <quantmax>-1</quantmax>
    <cost>100</cost>
    <flags count_in_cargo="0" count_in_hoarder="0" count_in_map="1" count_in_player="0" crafted="0" deloot="0" />
    <category name="food" />
  </type>
  <type name="EFT_med_GoldStar">
    <nominal>20</nominal>
    <lifetime>7200</lifetime>
    <restock>180</restock>
    <min>10</min>
    <quantmin>-1</quantmin>
    <quantmax>-1</quantmax>
    <cost>100</cost>
    <flags count_in_cargo="0" count_in_hoarder="0" count_in_map="1" count_in_player="0" crafted="0" deloot="0" />
    <category name="food" />
  </type>
  <type name="EFT_med_IFAK">
    <nominal>20</nominal>
    <lifetime>7200</lifetime>
    <restock>180</restock>
    <min>10</min>
    <quantmin>-1</quantmin>
    <quantmax>-1</quantmax>
    <cost>100</cost>
    <flags count_in_cargo="0" count_in_hoarder="0" count_in_map="1" count_in_player="0" crafted="0" deloot="0" />
    <category name="food" />
  </type>
  <type name="EFT_med_Salewa">
    <nominal>20</nominal>
    <lifetime>7200</lifetime>
    <restock>180</restock>
    <min>10</min>
    <quantmin>-1</quantmin>
    <quantmax>-1</quantmax>
    <cost>100</cost>
    <flags count_in_cargo="0" count_in_hoarder="0" count_in_map="1" count_in_player="0" crafted="0" deloot="0" />
    <category name="food" />
  </type>
  <type name="EFT_med_Splint">
    <nominal>20</nominal>
    <lifetime>7200</lifetime>
    <restock>180</restock>
    <min>10</min>
    <quantmin>-1</quantmin>
    <quantmax>-1</quantmax>
    <cost>100</cost>
    <flags count_in_cargo="0" count_in_hoarder="0" count_in_map="1" count_in_player="0" crafted="0" deloot="0" />
    <category name="food" />
  </type>
</types>