<?xml version="1.0" encoding="UTF-8" standalone="yes"?>
<types>
  <type name="CP_Bagger">
    <nominal>20</nominal>
    <lifetime>7200</lifetime>
    <restock>1800</restock>
    <min>10</min>
    <quantmin>-1</quantmin>
    <quantmax>-1</quantmax>
    <cost>100</cost>
    <flags count_in_cargo="0" count_in_hoarder="0" count_in_map="1" count_in_player="0" crafted="0" deloot="0" />
    <category name="tools" />
    <usage name="School" />
    <usage name="Town" />
    <usage name="Village" />
    <tag name="shelves" />
    <value name="Tier3" />
    <value name="Tier4" />
  </type>
  <type name="CP_CannabisBagBlackFrost">
    <nominal>0</nominal>
    <lifetime>7200</lifetime>
    <restock>1800</restock>
    <min>0</min>
    <quantmin>-1</quantmin>
    <quantmax>-1</quantmax>
    <cost>100</cost>
    <flags count_in_cargo="0" count_in_hoarder="0" count_in_map="1" count_in_player="0" crafted="1" deloot="0" />
    <category name="food" />
  </type>
  <type name="CP_CannabisBagBlue">
    <nominal>0</nominal>
    <lifetime>7200</lifetime>
    <restock>1800</restock>
    <min>0</min>
    <quantmin>-1</quantmin>
    <quantmax>-1</quantmax>
    <cost>100</cost>
    <flags count_in_cargo="0" count_in_hoarder="0" count_in_map="1" count_in_player="0" crafted="1" deloot="0" />
    <category name="food" />
  </type>
  <type name="CP_CannabisBagFuture">
    <nominal>0</nominal>
    <lifetime>7200</lifetime>
    <restock>1800</restock>
    <min>0</min>
    <quantmin>-1</quantmin>
    <quantmax>-1</quantmax>
    <cost>100</cost>
    <flags count_in_cargo="0" count_in_hoarder="0" count_in_map="1" count_in_player="0" crafted="1" deloot="0" />
    <category name="food" />
  </type>
  <type name="CP_CannabisBagKush">
    <nominal>0</nominal>
    <lifetime>7200</lifetime>
    <restock>1800</restock>
    <min>0</min>
    <quantmin>-1</quantmin>
    <quantmax>-1</quantmax>
    <cost>100</cost>
    <flags count_in_cargo="0" count_in_hoarder="0" count_in_map="1" count_in_player="0" crafted="1" deloot="0" />
    <category name="food" />
  </type>
  <type name="CP_CannabisBagNomad">
    <nominal>0</nominal>
    <lifetime>7200</lifetime>
    <restock>1800</restock>
    <min>0</min>
    <quantmin>-1</quantmin>
    <quantmax>-1</quantmax>
    <cost>100</cost>
    <flags count_in_cargo="0" count_in_hoarder="0" count_in_map="1" count_in_player="0" crafted="1" deloot="0" />
    <category name="food" />
  </type>
  <type name="CP_CannabisBagS1">
    <nominal>0</nominal>
    <lifetime>7200</lifetime>
    <restock>1800</restock>
    <min>0</min>
    <quantmin>-1</quantmin>
    <quantmax>-1</quantmax>
    <cost>100</cost>
    <flags count_in_cargo="0" count_in_hoarder="0" count_in_map="1" count_in_player="0" crafted="1" deloot="0" />
    <category name="food" />
  </type>
  <type name="CP_CannabisBagSkunk">
    <nominal>0</nominal>
    <lifetime>7200</lifetime>
    <restock>1800</restock>
    <min>0</min>
    <quantmin>-1</quantmin>
    <quantmax>-1</quantmax>
    <cost>100</cost>
    <flags count_in_cargo="0" count_in_hoarder="0" count_in_map="1" count_in_player="0" crafted="1" deloot="0" />
    <category name="food" />
  </type>
  <type name="CP_CannabisBagStardawg">
    <nominal>0</nominal>
    <lifetime>7200</lifetime>
    <restock>1800</restock>
    <min>0</min>
    <quantmin>-1</quantmin>
    <quantmax>-1</quantmax>
    <cost>100</cost>
    <flags count_in_cargo="0" count_in_hoarder="0" count_in_map="1" count_in_player="0" crafted="1" deloot="0" />
    <category name="food" />
  </type>
  <type name="CP_CannabisBlackFrost">
    <nominal>6</nominal>
    <lifetime>3600</lifetime>
    <restock>1800</restock>
    <min>4</min>
    <quantmin>-1</quantmin>
    <quantmax>-1</quantmax>
    <cost>100</cost>
    <flags count_in_cargo="0" count_in_hoarder="0" count_in_map="1" count_in_player="0" crafted="0" deloot="0" />
    <category name="food" />
    <usage name="Farm" />
    <usage name="Town" />
    <usage name="Village" />
    <tag name="shelves" />
  </type>
  <type name="CP_CannabisBlue">
    <nominal>15</nominal>
    <lifetime>3600</lifetime>
    <restock>1800</restock>
    <min>10</min>
    <quantmin>-1</quantmin>
    <quantmax>-1</quantmax>
    <cost>100</cost>
    <flags count_in_cargo="0" count_in_hoarder="0" count_in_map="1" count_in_player="0" crafted="0" deloot="0" />
    <category name="food" />
    <usage name="Farm" />
    <usage name="Town" />
    <usage name="Village" />
    <tag name="shelves" />
  </type>
  <type name="CP_CannabisBrickBlackFrost">
    <nominal>0</nominal>
    <lifetime>7200</lifetime>
    <restock>1800</restock>
    <min>0</min>
    <quantmin>-1</quantmin>
    <quantmax>-1</quantmax>
    <cost>100</cost>
    <flags count_in_cargo="0" count_in_hoarder="0" count_in_map="1" count_in_player="0" crafted="1" deloot="0" />
    <category name="food" />
  </type>
  <type name="CP_CannabisBrickBlue">
    <nominal>0</nominal>
    <lifetime>7200</lifetime>
    <restock>1800</restock>
    <min>0</min>
    <quantmin>-1</quantmin>
    <quantmax>-1</quantmax>
    <cost>100</cost>
    <flags count_in_cargo="0" count_in_hoarder="0" count_in_map="1" count_in_player="0" crafted="1" deloot="0" />
    <category name="food" />
  </type>
  <type name="CP_CannabisBrickFuture">
    <nominal>0</nominal>
    <lifetime>7200</lifetime>
    <restock>1800</restock>
    <min>0</min>
    <quantmin>-1</quantmin>
    <quantmax>-1</quantmax>
    <cost>100</cost>
    <flags count_in_cargo="0" count_in_hoarder="0" count_in_map="1" count_in_player="0" crafted="1" deloot="0" />
    <category name="food" />
  </type>
  <type name="CP_CannabisBrickKush">
    <nominal>0</nominal>
    <lifetime>7200</lifetime>
    <restock>1800</restock>
    <min>0</min>
    <quantmin>-1</quantmin>
    <quantmax>-1</quantmax>
    <cost>100</cost>
    <flags count_in_cargo="0" count_in_hoarder="0" count_in_map="1" count_in_player="0" crafted="1" deloot="0" />
    <category name="food" />
  </type>
  <type name="CP_CannabisBrickNomad">
    <nominal>0</nominal>
    <lifetime>7200</lifetime>
    <restock>1800</restock>
    <min>0</min>
    <quantmin>-1</quantmin>
    <quantmax>-1</quantmax>
    <cost>100</cost>
    <flags count_in_cargo="0" count_in_hoarder="0" count_in_map="1" count_in_player="0" crafted="1" deloot="0" />
    <category name="food" />
  </type>
  <type name="CP_CannabisBrickS1">
    <nominal>0</nominal>
    <lifetime>7200</lifetime>
    <restock>1800</restock>
    <min>0</min>
    <quantmin>-1</quantmin>
    <quantmax>-1</quantmax>
    <cost>100</cost>
    <flags count_in_cargo="0" count_in_hoarder="0" count_in_map="1" count_in_player="0" crafted="1" deloot="0" />
    <category name="food" />
  </type>
  <type name="CP_CannabisBrickSkunk">
    <nominal>0</nominal>
    <lifetime>7200</lifetime>
    <restock>1800</restock>
    <min>0</min>
    <quantmin>-1</quantmin>
    <quantmax>-1</quantmax>
    <cost>100</cost>
    <flags count_in_cargo="0" count_in_hoarder="0" count_in_map="1" count_in_player="0" crafted="1" deloot="0" />
    <category name="food" />
  </type>
  <type name="CP_CannabisBrickStardawg">
    <nominal>0</nominal>
    <lifetime>7200</lifetime>
    <restock>1800</restock>
    <min>0</min>
    <quantmin>-1</quantmin>
    <quantmax>-1</quantmax>
    <cost>100</cost>
    <flags count_in_cargo="0" count_in_hoarder="0" count_in_map="1" count_in_player="0" crafted="1" deloot="0" />
    <category name="food" />
  </type>
  <type name="CP_CannabisFuture">
    <nominal>6</nominal>
    <lifetime>3600</lifetime>
    <restock>1800</restock>
    <min>4</min>
    <quantmin>-1</quantmin>
    <quantmax>-1</quantmax>
    <cost>100</cost>
    <flags count_in_cargo="0" count_in_hoarder="0" count_in_map="1" count_in_player="0" crafted="0" deloot="0" />
    <category name="food" />
    <usage name="Farm" />
    <usage name="Town" />
    <usage name="Village" />
    <tag name="shelves" />
  </type>
  <type name="CP_CannabisKush">
    <nominal>9</nominal>
    <lifetime>3600</lifetime>
    <restock>1800</restock>
    <min>7</min>
    <quantmin>-1</quantmin>
    <quantmax>-1</quantmax>
    <cost>100</cost>
    <flags count_in_cargo="0" count_in_hoarder="0" count_in_map="1" count_in_player="0" crafted="0" deloot="0" />
    <category name="food" />
    <usage name="Farm" />
    <usage name="Town" />
    <usage name="Village" />
    <tag name="shelves" />
  </type>
  <type name="CP_CannabisNomad">
    <nominal>6</nominal>
    <lifetime>3600</lifetime>
    <restock>1800</restock>
    <min>4</min>
    <quantmin>-1</quantmin>
    <quantmax>-1</quantmax>
    <cost>100</cost>
    <flags count_in_cargo="0" count_in_hoarder="0" count_in_map="1" count_in_player="0" crafted="0" deloot="0" />
    <category name="food" />
    <usage name="Farm" />
    <usage name="Town" />
    <usage name="Village" />
    <tag name="shelves" />
  </type>
  <type name="CP_CannabisSeedsBlackFrost">
    <nominal>0</nominal>
    <lifetime>86400</lifetime>
    <restock>1800</restock>
    <min>0</min>
    <quantmin>-1</quantmin>
    <quantmax>-1</quantmax>
    <cost>100</cost>
    <flags count_in_cargo="0" count_in_hoarder="0" count_in_map="1" count_in_player="0" crafted="1" deloot="0" />
    <category name="food" />
  </type>
  <type name="CP_CannabisSeedsBlue">
    <nominal>0</nominal>
    <lifetime>86400</lifetime>
    <restock>1800</restock>
    <min>0</min>
    <quantmin>-1</quantmin>
    <quantmax>-1</quantmax>
    <cost>100</cost>
    <flags count_in_cargo="0" count_in_hoarder="0" count_in_map="1" count_in_player="0" crafted="1" deloot="0" />
    <category name="food" />
  </type>
  <type name="CP_CannabisSeedsFuture">
    <nominal>0</nominal>
    <lifetime>86400</lifetime>
    <restock>1800</restock>
    <min>0</min>
    <quantmin>-1</quantmin>
    <quantmax>-1</quantmax>
    <cost>100</cost>
    <flags count_in_cargo="0" count_in_hoarder="0" count_in_map="1" count_in_player="0" crafted="1" deloot="0" />
    <category name="food" />
  </type>
  <type name="CP_CannabisSeedsKush">
    <nominal>0</nominal>
    <lifetime>86400</lifetime>
    <restock>1800</restock>
    <min>0</min>
    <quantmin>-1</quantmin>
    <quantmax>-1</quantmax>
    <cost>100</cost>
    <flags count_in_cargo="0" count_in_hoarder="0" count_in_map="1" count_in_player="0" crafted="1" deloot="0" />
    <category name="food" />
  </type>
  <type name="CP_CannabisSeedsNomad">
    <nominal>0</nominal>
    <lifetime>86400</lifetime>
    <restock>1800</restock>
    <min>0</min>
    <quantmin>-1</quantmin>
    <quantmax>-1</quantmax>
    <cost>100</cost>
    <flags count_in_cargo="0" count_in_hoarder="0" count_in_map="1" count_in_player="0" crafted="1" deloot="0" />
    <category name="food" />
  </type>
  <type name="CP_CannabisSeedsPackBlackFrost">
    <nominal>4</nominal>
    <lifetime>7200</lifetime>
    <restock>1800</restock>
    <min>1</min>
    <quantmin>-1</quantmin>
    <quantmax>-1</quantmax>
    <cost>100</cost>
    <flags count_in_cargo="0" count_in_hoarder="0" count_in_map="1" count_in_player="0" crafted="0" deloot="0" />
    <category name="food" />
    <usage name="Farm" />
    <usage name="Hunting" />
  </type>
  <type name="CP_CannabisSeedsPackBlue">
    <nominal>10</nominal>
    <lifetime>7200</lifetime>
    <restock>1800</restock>
    <min>5</min>
    <quantmin>-1</quantmin>
    <quantmax>-1</quantmax>
    <cost>100</cost>
    <flags count_in_cargo="0" count_in_hoarder="0" count_in_map="1" count_in_player="0" crafted="0" deloot="0" />
    <category name="food" />
    <usage name="Farm" />
    <usage name="Hunting" />
  </type>
  <type name="CP_CannabisSeedsPackFuture">
    <nominal>4</nominal>
    <lifetime>7200</lifetime>
    <restock>1800</restock>
    <min>1</min>
    <quantmin>-1</quantmin>
    <quantmax>-1</quantmax>
    <cost>100</cost>
    <flags count_in_cargo="0" count_in_hoarder="0" count_in_map="1" count_in_player="0" crafted="0" deloot="0" />
    <category name="food" />
    <usage name="Farm" />
    <usage name="Hunting" />
  </type>
  <type name="CP_CannabisSeedsPackKush">
    <nominal>6</nominal>
    <lifetime>7200</lifetime>
    <restock>1800</restock>
    <min>4</min>
    <quantmin>-1</quantmin>
    <quantmax>-1</quantmax>
    <cost>100</cost>
    <flags count_in_cargo="0" count_in_hoarder="0" count_in_map="1" count_in_player="0" crafted="0" deloot="0" />
    <category name="food" />
    <usage name="Farm" />
    <usage name="Hunting" />
  </type>
  <type name="CP_CannabisSeedsPackNomad">
    <nominal>4</nominal>
    <lifetime>7200</lifetime>
    <restock>1800</restock>
    <min>1</min>
    <quantmin>-1</quantmin>
    <quantmax>-1</quantmax>
    <cost>100</cost>
    <flags count_in_cargo="0" count_in_hoarder="0" count_in_map="1" count_in_player="0" crafted="0" deloot="0" />
    <category name="food" />
    <usage name="Farm" />
    <usage name="Hunting" />
  </type>
  <type name="CP_CannabisSeedsPackS1">
    <nominal>4</nominal>
    <lifetime>7200</lifetime>
    <restock>1800</restock>
    <min>1</min>
    <quantmin>-1</quantmin>
    <quantmax>-1</quantmax>
    <cost>100</cost>
    <flags count_in_cargo="0" count_in_hoarder="0" count_in_map="1" count_in_player="0" crafted="0" deloot="0" />
    <category name="food" />
    <usage name="Farm" />
    <usage name="Hunting" />
  </type>
  <type name="CP_CannabisSeedsPackSkunk">
    <nominal>30</nominal>
    <lifetime>7200</lifetime>
    <restock>1800</restock>
    <min>20</min>
    <quantmin>-1</quantmin>
    <quantmax>-1</quantmax>
    <cost>100</cost>
    <flags count_in_cargo="0" count_in_hoarder="0" count_in_map="1" count_in_player="0" crafted="0" deloot="0" />
    <category name="food" />
    <usage name="Farm" />
    <usage name="Hunting" />
  </type>
  <type name="CP_CannabisSeedsPackStardawg">
    <nominal>4</nominal>
    <lifetime>7200</lifetime>
    <restock>1800</restock>
    <min>1</min>
    <quantmin>-1</quantmin>
    <quantmax>-1</quantmax>
    <cost>100</cost>
    <flags count_in_cargo="0" count_in_hoarder="0" count_in_map="1" count_in_player="0" crafted="0" deloot="0" />
    <category name="food" />
    <usage name="Farm" />
    <usage name="Hunting" />
  </type>
  <type name="CP_CannabisSeedsS1">
    <nominal>0</nominal>
    <lifetime>86400</lifetime>
    <restock>1800</restock>
    <min>0</min>
    <quantmin>-1</quantmin>
    <quantmax>-1</quantmax>
    <cost>100</cost>
    <flags count_in_cargo="0" count_in_hoarder="0" count_in_map="1" count_in_player="0" crafted="1" deloot="0" />
    <category name="food" />
  </type>
  <type name="CP_CannabisSeedsSkunk">
    <nominal>0</nominal>
    <lifetime>86400</lifetime>
    <restock>1800</restock>
    <min>0</min>
    <quantmin>-1</quantmin>
    <quantmax>-1</quantmax>
    <cost>100</cost>
    <flags count_in_cargo="0" count_in_hoarder="0" count_in_map="1" count_in_player="0" crafted="1" deloot="0" />
    <category name="food" />
  </type>
  <type name="CP_CannabisSeedsStardawg">
    <nominal>0</nominal>
    <lifetime>86400</lifetime>
    <restock>1800</restock>
    <min>0</min>
    <quantmin>-1</quantmin>
    <quantmax>-1</quantmax>
    <cost>100</cost>
    <flags count_in_cargo="0" count_in_hoarder="0" count_in_map="1" count_in_player="0" crafted="1" deloot="0" />
    <category name="food" />
  </type>
  <type name="CP_CannabisSkunk">
    <nominal>45</nominal>
    <lifetime>3600</lifetime>
    <restock>1800</restock>
    <min>30</min>
    <quantmin>-1</quantmin>
    <quantmax>-1</quantmax>
    <cost>100</cost>
    <flags count_in_cargo="0" count_in_hoarder="0" count_in_map="1" count_in_player="0" crafted="0" deloot="0" />
    <category name="food" />
    <usage name="Farm" />
    <usage name="Town" />
    <usage name="Village" />
    <tag name="shelves" />
  </type>
  <type name="CP_CannabisStardawg">
    <nominal>6</nominal>
    <lifetime>3600</lifetime>
    <restock>1800</restock>
    <min>4</min>
    <quantmin>-1</quantmin>
    <quantmax>-1</quantmax>
    <cost>100</cost>
    <flags count_in_cargo="0" count_in_hoarder="0" count_in_map="1" count_in_player="0" crafted="0" deloot="0" />
    <category name="food" />
    <usage name="Farm" />
    <usage name="Town" />
    <usage name="Village" />
    <tag name="shelves" />
  </type>
  <type name="CP_CigarettePack_CannabisBlackFrost">
    <lifetime>7200</lifetime>
    <quantmin>-1</quantmin>
    <flags count_in_cargo="0" count_in_hoarder="0" count_in_map="1" count_in_player="0" crafted="0" deloot="0" />
    <usage name="Medic" />
    <tag name="shelves" />
    <value name="Tier4" />
  </type>
  <type name="CP_CigarettePack_CannabisBlue">
    <lifetime>7200</lifetime>
    <quantmin>-1</quantmin>
    <flags count_in_cargo="0" count_in_hoarder="0" count_in_map="1" count_in_player="0" crafted="0" deloot="0" />
    <usage name="Medic" />
    <tag name="shelves" />
    <value name="Tier4" />
  </type>
  <type name="CP_CigarettePack_CannabisFuture">
    <lifetime>7200</lifetime>
    <quantmin>-1</quantmin>
    <flags count_in_cargo="0" count_in_hoarder="0" count_in_map="1" count_in_player="0" crafted="0" deloot="0" />
    <usage name="Medic" />
    <tag name="shelves" />
    <value name="Tier4" />
  </type>
  <type name="CP_CigarettePack_CannabisKush">
    <lifetime>7200</lifetime>
    <quantmin>-1</quantmin>
    <flags count_in_cargo="0" count_in_hoarder="0" count_in_map="1" count_in_player="0" crafted="0" deloot="0" />
    <usage name="Medic" />
    <tag name="shelves" />
    <value name="Tier4" />
  </type>
  <type name="CP_CigarettePack_CannabisNomad">
    <lifetime>7200</lifetime>
    <quantmin>-1</quantmin>
    <flags count_in_cargo="0" count_in_hoarder="0" count_in_map="1" count_in_player="0" crafted="0" deloot="0" />
    <usage name="Medic" />
    <tag name="shelves" />
    <value name="Tier4" />
  </type>
  <type name="CP_CigarettePack_CannabisSkunk">
    <lifetime>7200</lifetime>
    <quantmin>-1</quantmin>
    <flags count_in_cargo="0" count_in_hoarder="0" count_in_map="1" count_in_player="0" crafted="0" deloot="0" />
    <usage name="Medic" />
    <tag name="shelves" />
    <value name="Tier4" />
  </type>
  <type name="CP_CigarettePack_CannabisStardawg">
    <lifetime>7200</lifetime>
    <quantmin>-1</quantmin>
    <flags count_in_cargo="0" count_in_hoarder="0" count_in_map="1" count_in_player="0" crafted="0" deloot="0" />
    <usage name="Medic" />
    <tag name="shelves" />
    <value name="Tier4" />
  </type>
  <type name="CP_CigarettePack_Empty">
    <lifetime>7200</lifetime>
    <quantmin>-1</quantmin>
    <flags count_in_cargo="0" count_in_hoarder="0" count_in_map="1" count_in_player="0" crafted="0" deloot="0" />
    <usage name="Medic" />
    <usage name="Town" />
    <tag name="shelves" />
    <value name="Tier1" />
    <value name="Tier2" />
  </type>
  <type name="CP_DriedCannabisPlant">
    <lifetime>7200</lifetime>
    <flags count_in_cargo="0" count_in_hoarder="0" count_in_map="1" count_in_player="0" crafted="1" deloot="0" />
  </type>
  <type name="CP_DryPost">
    <lifetime>3888000</lifetime>
    <flags count_in_cargo="0" count_in_hoarder="0" count_in_map="1" count_in_player="0" crafted="1" deloot="0" />
    <category name="tools" />
  </type>
  <type name="CP_DryPost_Kit">
    <lifetime>7200</lifetime>
    <quantmin>-1</quantmin>
    <flags count_in_cargo="0" count_in_hoarder="0" count_in_map="1" count_in_player="0" crafted="1" deloot="0" />
    <category name="tools" />
    <usage name="Farm" />
    <usage name="Industrial" />
    <usage name="Office" />
    <usage name="Prison" />
    <usage name="School" />
  </type>
  <type name="CP_EmptyBag">
    <nominal>60</nominal>
    <lifetime>7200</lifetime>
    <restock>1800</restock>
    <min>45</min>
    <quantmin>20</quantmin>
    <quantmax>100</quantmax>
    <cost>100</cost>
    <flags count_in_cargo="0" count_in_hoarder="0" count_in_map="1" count_in_player="0" crafted="0" deloot="0" />
    <category name="tools" />
    <usage name="School" />
    <usage name="Town" />
    <usage name="Village" />
    <tag name="shelves" />
  </type>
  <type name="CP_JointBlackFrost">
    <lifetime>7200</lifetime>
    <quantmin>-1</quantmin>
    <flags count_in_cargo="0" count_in_hoarder="0" count_in_map="1" count_in_player="0" crafted="0" deloot="0" />
    <usage name="Medic" />
    <tag name="shelves" />
    <value name="Tier1" />
    <value name="Tier2" />
  </type>
  <type name="CP_JointBlue">
    <lifetime>7200</lifetime>
    <quantmin>-1</quantmin>
    <flags count_in_cargo="0" count_in_hoarder="0" count_in_map="1" count_in_player="0" crafted="0" deloot="0" />
    <usage name="Medic" />
    <tag name="shelves" />
    <value name="Tier1" />
    <value name="Tier2" />
  </type>
  <type name="CP_JointFuture">
    <lifetime>7200</lifetime>
    <quantmin>-1</quantmin>
    <flags count_in_cargo="0" count_in_hoarder="0" count_in_map="1" count_in_player="0" crafted="0" deloot="0" />
    <usage name="Medic" />
    <tag name="shelves" />
    <value name="Tier1" />
    <value name="Tier2" />
  </type>
  <type name="CP_JointKush">
    <lifetime>7200</lifetime>
    <quantmin>-1</quantmin>
    <flags count_in_cargo="0" count_in_hoarder="0" count_in_map="1" count_in_player="0" crafted="0" deloot="0" />
    <usage name="Medic" />
    <tag name="shelves" />
    <value name="Tier1" />
    <value name="Tier2" />
  </type>
  <type name="CP_JointNomad">
    <lifetime>7200</lifetime>
    <quantmin>-1</quantmin>
    <flags count_in_cargo="0" count_in_hoarder="0" count_in_map="1" count_in_player="0" crafted="0" deloot="0" />
    <usage name="Medic" />
    <tag name="shelves" />
    <value name="Tier1" />
    <value name="Tier2" />
  </type>
  <type name="CP_JointSkunk">
    <lifetime>7200</lifetime>
    <quantmin>-1</quantmin>
    <flags count_in_cargo="0" count_in_hoarder="0" count_in_map="1" count_in_player="0" crafted="0" deloot="0" />
    <usage name="Medic" />
    <tag name="shelves" />
    <value name="Tier1" />
    <value name="Tier2" />
  </type>
  <type name="CP_JointStardawg">
    <lifetime>7200</lifetime>
    <quantmin>-1</quantmin>
    <flags count_in_cargo="0" count_in_hoarder="0" count_in_map="1" count_in_player="0" crafted="0" deloot="0" />
    <usage name="Medic" />
    <tag name="shelves" />
    <value name="Tier1" />
    <value name="Tier2" />
  </type>
  <type name="CP_Plant_CannabisBlackFrost">
    <lifetime>3888000</lifetime>
    <flags count_in_cargo="0" count_in_hoarder="0" count_in_map="1" count_in_player="0" crafted="0" deloot="0" />
  </type>
  <type name="CP_Plant_CannabisBlue">
    <lifetime>3888000</lifetime>
    <flags count_in_cargo="0" count_in_hoarder="0" count_in_map="1" count_in_player="0" crafted="0" deloot="0" />
  </type>
  <type name="CP_Plant_CannabisFuture">
    <lifetime>3888000</lifetime>
    <flags count_in_cargo="0" count_in_hoarder="0" count_in_map="1" count_in_player="0" crafted="0" deloot="0" />
  </type>
  <type name="CP_Plant_CannabisKush">
    <lifetime>3888000</lifetime>
    <flags count_in_cargo="0" count_in_hoarder="0" count_in_map="1" count_in_player="0" crafted="0" deloot="0" />
  </type>
  <type name="CP_Plant_CannabisNomad">
    <lifetime>3888000</lifetime>
    <flags count_in_cargo="0" count_in_hoarder="0" count_in_map="1" count_in_player="0" crafted="0" deloot="0" />
  </type>
  <type name="CP_Plant_CannabisSkunk">
    <lifetime>3888000</lifetime>
    <flags count_in_cargo="0" count_in_hoarder="0" count_in_map="1" count_in_player="0" crafted="0" deloot="0" />
  </type>
  <type name="CP_Plant_CannabisStardawg">
    <lifetime>3888000</lifetime>
    <flags count_in_cargo="0" count_in_hoarder="0" count_in_map="1" count_in_player="0" crafted="0" deloot="0" />
  </type>
  <type name="CP_Plant_Tobacco">
    <lifetime>3888000</lifetime>
    <flags count_in_cargo="0" count_in_hoarder="0" count_in_map="1" count_in_player="0" crafted="0" deloot="0" />
  </type>
  <type name="CP_PlasticRoll">
    <nominal>40</nominal>
    <lifetime>7200</lifetime>
    <restock>1800</restock>
    <min>30</min>
    <quantmin>20</quantmin>
    <quantmax>100</quantmax>
    <cost>100</cost>
    <flags count_in_cargo="0" count_in_hoarder="0" count_in_map="1" count_in_player="0" crafted="0" deloot="0" />
    <category name="tools" />
    <value name="Tier3" />
    <value name="Tier4" />
  </type>
  <type name="CP_PlasticWrapper">
    <nominal>20</nominal>
    <lifetime>7200</lifetime>
    <restock>1800</restock>
    <min>10</min>
    <quantmin>-1</quantmin>
    <quantmax>-1</quantmax>
    <cost>100</cost>
    <flags count_in_cargo="0" count_in_hoarder="0" count_in_map="1" count_in_player="0" crafted="0" deloot="0" />
    <category name="tools" />
    <usage name="School" />
    <usage name="Town" />
    <usage name="Village" />
    <tag name="shelves" />
    <value name="Tier3" />
    <value name="Tier4" />
  </type>
  <type name="CP_Pouch">
    <nominal>0</nominal>
    <lifetime>3600</lifetime>
    <restock>900</restock>
    <min>0</min>
    <quantmin>-1</quantmin>
    <quantmax>-1</quantmax>
    <cost>100</cost>
    <flags count_in_cargo="0" count_in_hoarder="0" count_in_map="1" count_in_player="0" crafted="0" deloot="0" />
    <usage name="Farm" />
    <usage name="Industrial" />
    <usage name="Office" />
    <usage name="Prison" />
    <usage name="School" />
    <value name="Tier3" />
    <value name="Tier4" />
  </type>
  <type name="CP_RawBlackFrostCannabisPlant">
    <lifetime>7200</lifetime>
    <flags count_in_cargo="0" count_in_hoarder="0" count_in_map="1" count_in_player="0" crafted="1" deloot="0" />
  </type>
  <type name="CP_RawBlueCannabisPlant">
    <lifetime>7200</lifetime>
    <flags count_in_cargo="0" count_in_hoarder="0" count_in_map="1" count_in_player="0" crafted="1" deloot="0" />
  </type>
  <type name="CP_RawFutureCannabisPlant">
    <lifetime>7200</lifetime>
    <flags count_in_cargo="0" count_in_hoarder="0" count_in_map="1" count_in_player="0" crafted="1" deloot="0" />
  </type>
  <type name="CP_RawKushCannabisPlant">
    <lifetime>7200</lifetime>
    <flags count_in_cargo="0" count_in_hoarder="0" count_in_map="1" count_in_player="0" crafted="1" deloot="0" />
  </type>
  <type name="CP_RawNomadCannabisPlant">
    <lifetime>7200</lifetime>
    <flags count_in_cargo="0" count_in_hoarder="0" count_in_map="1" count_in_player="0" crafted="1" deloot="0" />
  </type>
  <type name="CP_RawSkunkCannabisPlant">
    <lifetime>7200</lifetime>
    <flags count_in_cargo="0" count_in_hoarder="0" count_in_map="1" count_in_player="0" crafted="1" deloot="0" />
  </type>
  <type name="CP_RawStardawgCannabisPlant">
    <lifetime>7200</lifetime>
    <flags count_in_cargo="0" count_in_hoarder="0" count_in_map="1" count_in_player="0" crafted="1" deloot="0" />
  </type>
  <type name="CP_Relief_Balm">
    <lifetime>7200</lifetime>
    <quantmin>-1</quantmin>
    <flags count_in_cargo="0" count_in_hoarder="0" count_in_map="1" count_in_player="0" crafted="0" deloot="0" />
    <usage name="Medic" />
    <tag name="shelves" />
    <value name="Tier3" />
    <value name="Tier4" />
  </type>
  <type name="CP_RollingPapers">
    <lifetime>7200</lifetime>
    <quantmin>-1</quantmin>
    <flags count_in_cargo="0" count_in_hoarder="0" count_in_map="1" count_in_player="0" crafted="0" deloot="0" />
    <usage name="Medic" />
    <usage name="Town" />
    <tag name="shelves" />
    <value name="Tier1" />
    <value name="Tier2" />
  </type>
  <type name="CP_Tobacco">
    <nominal>50</nominal>
    <lifetime>3600</lifetime>
    <restock>1800</restock>
    <min>35</min>
    <quantmin>-1</quantmin>
    <quantmax>-1</quantmax>
    <cost>100</cost>
    <flags count_in_cargo="0" count_in_hoarder="0" count_in_map="1" count_in_player="0" crafted="0" deloot="0" />
    <category name="food" />
    <usage name="Farm" />
    <usage name="Town" />
    <usage name="Village" />
    <tag name="shelves" />
  </type>
  <type name="CP_TobaccoSeeds">
    <nominal>0</nominal>
    <lifetime>86400</lifetime>
    <restock>1800</restock>
    <min>0</min>
    <quantmin>-1</quantmin>
    <quantmax>-1</quantmax>
    <cost>100</cost>
    <flags count_in_cargo="0" count_in_hoarder="0" count_in_map="1" count_in_player="0" crafted="1" deloot="0" />
    <category name="food" />
  </type>
  <type name="CP_TobaccoSeedsPack">
    <nominal>33</nominal>
    <lifetime>7200</lifetime>
    <restock>1800</restock>
    <min>25</min>
    <quantmin>-1</quantmin>
    <quantmax>-1</quantmax>
    <cost>100</cost>
    <flags count_in_cargo="0" count_in_hoarder="0" count_in_map="1" count_in_player="0" crafted="0" deloot="0" />
    <category name="food" />
    <usage name="Farm" />
    <usage name="Hunting" />
  </type>
  <type name="CP_Workbench">
    <lifetime>3888000</lifetime>
    <flags count_in_cargo="0" count_in_hoarder="0" count_in_map="1" count_in_player="0" crafted="1" deloot="0" />
  </type>
  <type name="CP_Workbench_Kit">
    <lifetime>7200</lifetime>
    <quantmin>-1</quantmin>
    <flags count_in_cargo="0" count_in_hoarder="0" count_in_map="1" count_in_player="0" crafted="0" deloot="0" />
    <usage name="Farm" />
    <usage name="Industrial" />
    <usage name="Office" />
    <usage name="Prison" />
    <usage name="School" />
    <value name="Tier3" />
    <value name="Tier4" />
  </type>
</types>