<?xml version="1.0" encoding="UTF-8" standalone="yes"?>
<types>
  <type name="bl_anatolian_carpet_1">
    <lifetime>3888000</lifetime>
    <flags count_in_cargo="0" count_in_hoarder="0" count_in_map="1" count_in_player="0" crafted="0" deloot="0" />
  </type>
  <type name="bl_anatolian_carpet_1_Kit">
    <nominal>4</nominal>
    <lifetime>14400</lifetime>
    <restock>0</restock>
    <min>3</min>
    <quantmin>-1</quantmin>
    <quantmax>-1</quantmax>
    <cost>100</cost>
    <flags count_in_cargo="0" count_in_hoarder="0" count_in_map="1" count_in_player="0" crafted="0" deloot="0" />
    <category name="tools" />
    <usage name="Farm" />
    <usage name="Town" />
    <usage name="Village" />
    <tag name="floor" />
  </type>
  <type name="bl_anatolian_carpet_2">
    <lifetime>3888000</lifetime>
    <flags count_in_cargo="0" count_in_hoarder="0" count_in_map="1" count_in_player="0" crafted="0" deloot="0" />
  </type>
  <type name="bl_anatolian_carpet_2_Kit">
    <nominal>4</nominal>
    <lifetime>14400</lifetime>
    <restock>0</restock>
    <min>3</min>
    <quantmin>-1</quantmin>
    <quantmax>-1</quantmax>
    <cost>100</cost>
    <flags count_in_cargo="0" count_in_hoarder="0" count_in_map="1" count_in_player="0" crafted="0" deloot="0" />
    <category name="tools" />
    <usage name="Farm" />
    <usage name="Town" />
    <usage name="Village" />
    <tag name="floor" />
  </type>
  <type name="bl_candy_dark">
    <lifetime>14400</lifetime>
    <flags count_in_cargo="0" count_in_hoarder="0" count_in_map="1" count_in_player="0" crafted="0" deloot="0" />
  </type>
  <type name="bl_candy_milk">
    <lifetime>14400</lifetime>
    <flags count_in_cargo="0" count_in_hoarder="0" count_in_map="1" count_in_player="0" crafted="0" deloot="0" />
  </type>
  <type name="bl_candy_nutty">
    <lifetime>14400</lifetime>
    <flags count_in_cargo="0" count_in_hoarder="0" count_in_map="1" count_in_player="0" crafted="0" deloot="0" />
  </type>
  <type name="bl_candy_toffee">
    <lifetime>14400</lifetime>
    <flags count_in_cargo="0" count_in_hoarder="0" count_in_map="1" count_in_player="0" crafted="0" deloot="0" />
  </type>
  <type name="bl_cercestis_mirabilis">
    <nominal>3</nominal>
    <lifetime>1209600</lifetime>
    <restock>0</restock>
    <min>2</min>
    <quantmin>-1</quantmin>
    <quantmax>-1</quantmax>
    <cost>100</cost>
    <flags count_in_cargo="0" count_in_hoarder="0" count_in_map="1" count_in_player="0" crafted="0" deloot="0" />
    <category name="tools" />
    <usage name="Farm" />
    <usage name="Town" />
    <usage name="Village" />
    <tag name="floor" />
  </type>
  <type name="bl_coffee_bag">
    <nominal>18</nominal>
    <lifetime>14400</lifetime>
    <restock>0</restock>
    <min>16</min>
    <quantmin>100</quantmin>
    <quantmax>100</quantmax>
    <cost>100</cost>
    <flags count_in_cargo="0" count_in_hoarder="0" count_in_map="1" count_in_player="0" crafted="0" deloot="0" />
    <category name="food" />
    <usage name="Town" />
    <usage name="Village" />
    <tag name="shelves" />
    <value name="Tier1" />
    <value name="Tier2" />
    <value name="Tier3" />
  </type>
  <type name="bl_coffee_machine">
    <lifetime>3888000</lifetime>
    <flags count_in_cargo="0" count_in_hoarder="0" count_in_map="1" count_in_player="0" crafted="0" deloot="0" />
  </type>
  <type name="bl_coffee_machine_Kit">
    <nominal>5</nominal>
    <lifetime>14400</lifetime>
    <restock>0</restock>
    <min>4</min>
    <quantmin>-1</quantmin>
    <quantmax>-1</quantmax>
    <cost>100</cost>
    <flags count_in_cargo="0" count_in_hoarder="0" count_in_map="1" count_in_player="0" crafted="0" deloot="0" />
    <category name="tools" />
    <usage name="Town" />
    <usage name="Village" />
    <tag name="floor" />
    <value name="Tier2" />
    <value name="Tier3" />
  </type>
  <type name="bl_coffee_mug">
    <lifetime>14400</lifetime>
    <flags count_in_cargo="0" count_in_hoarder="0" count_in_map="1" count_in_player="0" crafted="0" deloot="0" />
  </type>
  <type name="bl_deposit_container">
    <lifetime>3888000</lifetime>
    <flags count_in_cargo="0" count_in_hoarder="0" count_in_map="1" count_in_player="0" crafted="0" deloot="0" />
  </type>
  <type name="bl_desk_lamp">
    <nominal>2</nominal>
    <lifetime>1209600</lifetime>
    <restock>0</restock>
    <min>1</min>
    <quantmin>-1</quantmin>
    <quantmax>-1</quantmax>
    <cost>100</cost>
    <flags count_in_cargo="0" count_in_hoarder="0" count_in_map="1" count_in_player="0" crafted="0" deloot="0" />
    <category name="tools" />
    <usage name="Village" />
    <tag name="shelves" />
  </type>
  <type name="bl_dieffenbachia">
    <nominal>3</nominal>
    <lifetime>1209600</lifetime>
    <restock>0</restock>
    <min>2</min>
    <quantmin>-1</quantmin>
    <quantmax>-1</quantmax>
    <cost>100</cost>
    <flags count_in_cargo="0" count_in_hoarder="0" count_in_map="1" count_in_player="0" crafted="0" deloot="0" />
    <category name="tools" />
    <usage name="Farm" />
    <usage name="Town" />
    <usage name="Village" />
    <tag name="floor" />
  </type>
  <type name="bl_extension_cable_reel">
    <nominal>5</nominal>
    <lifetime>14400</lifetime>
    <restock>0</restock>
    <min>4</min>
    <quantmin>-1</quantmin>
    <quantmax>-1</quantmax>
    <cost>100</cost>
    <flags count_in_cargo="0" count_in_hoarder="0" count_in_map="1" count_in_player="0" crafted="0" deloot="0" />
    <category name="tools" />
    <usage name="Farm" />
    <usage name="Industrial" />
    <tag name="floor" />
    <value name="Tier2" />
    <value name="Tier3" />
  </type>
  <type name="bl_ficus_bonsai">
    <nominal>3</nominal>
    <lifetime>1209600</lifetime>
    <restock>0</restock>
    <min>2</min>
    <quantmin>-1</quantmin>
    <quantmax>-1</quantmax>
    <cost>100</cost>
    <flags count_in_cargo="0" count_in_hoarder="0" count_in_map="1" count_in_player="0" crafted="0" deloot="0" />
    <category name="tools" />
    <usage name="Farm" />
    <usage name="Town" />
    <usage name="Village" />
    <tag name="floor" />
  </type>
  <type name="bl_firewoodstorage">
    <lifetime>3888000</lifetime>
    <flags count_in_cargo="0" count_in_hoarder="0" count_in_map="1" count_in_player="0" crafted="0" deloot="0" />
  </type>
  <type name="bl_firewoodstorage_Kit">
    <nominal>6</nominal>
    <lifetime>14400</lifetime>
    <restock>0</restock>
    <min>5</min>
    <quantmin>-1</quantmin>
    <quantmax>-1</quantmax>
    <cost>100</cost>
    <flags count_in_cargo="0" count_in_hoarder="0" count_in_map="1" count_in_player="0" crafted="0" deloot="0" />
    <category name="tools" />
    <usage name="Farm" />
    <usage name="Village" />
    <tag name="floor" />
  </type>
  <type name="bl_floor_lamp">
    <nominal>3</nominal>
    <lifetime>1209600</lifetime>
    <restock>0</restock>
    <min>2</min>
    <quantmin>-1</quantmin>
    <quantmax>-1</quantmax>
    <cost>100</cost>
    <flags count_in_cargo="0" count_in_hoarder="0" count_in_map="1" count_in_player="0" crafted="0" deloot="0" />
    <category name="tools" />
    <usage name="Village" />
    <tag name="floor" />
  </type>
  <type name="bl_greenhouse">
    <lifetime>3888000</lifetime>
    <flags count_in_cargo="0" count_in_hoarder="0" count_in_map="1" count_in_player="0" crafted="0" deloot="0" />
  </type>
  <type name="bl_greenhouse_Kit">
    <nominal>3</nominal>
    <lifetime>1209600</lifetime>
    <restock>0</restock>
    <min>2</min>
    <quantmin>-1</quantmin>
    <quantmax>-1</quantmax>
    <cost>100</cost>
    <flags count_in_cargo="0" count_in_hoarder="0" count_in_map="1" count_in_player="0" crafted="0" deloot="0" />
    <category name="tools" />
    <usage name="Farm" />
    <tag name="floor" />
  </type>
  <type name="bl_logstorage">
    <lifetime>3888000</lifetime>
    <flags count_in_cargo="0" count_in_hoarder="0" count_in_map="1" count_in_player="0" crafted="0" deloot="0" />
  </type>
  <type name="bl_logstorage_Kit">
    <nominal>6</nominal>
    <lifetime>14400</lifetime>
    <restock>0</restock>
    <min>5</min>
    <quantmin>-1</quantmin>
    <quantmax>-1</quantmax>
    <cost>100</cost>
    <flags count_in_cargo="0" count_in_hoarder="0" count_in_map="1" count_in_player="0" crafted="0" deloot="0" />
    <category name="tools" />
    <usage name="Farm" />
    <usage name="Industrial" />
    <tag name="floor" />
  </type>
  <type name="bl_monstera">
    <nominal>3</nominal>
    <lifetime>1209600</lifetime>
    <restock>0</restock>
    <min>2</min>
    <quantmin>-1</quantmin>
    <quantmax>-1</quantmax>
    <cost>100</cost>
    <flags count_in_cargo="0" count_in_hoarder="0" count_in_map="1" count_in_player="0" crafted="0" deloot="0" />
    <category name="tools" />
    <usage name="Farm" />
    <usage name="Town" />
    <usage name="Village" />
    <tag name="floor" />
  </type>
  <type name="bl_old_crate">
    <lifetime>3888000</lifetime>
    <flags count_in_cargo="0" count_in_hoarder="0" count_in_map="1" count_in_player="0" crafted="1" deloot="0" />
  </type>
  <type name="bl_old_fridge">
    <lifetime>3888000</lifetime>
    <flags count_in_cargo="0" count_in_hoarder="0" count_in_map="1" count_in_player="0" crafted="0" deloot="0" />
  </type>
  <type name="bl_old_fridge_Kit">
    <nominal>4</nominal>
    <lifetime>14400</lifetime>
    <restock>0</restock>
    <min>3</min>
    <quantmin>-1</quantmin>
    <quantmax>-1</quantmax>
    <cost>100</cost>
    <flags count_in_cargo="0" count_in_hoarder="0" count_in_map="1" count_in_player="0" crafted="0" deloot="0" />
    <category name="tools" />
    <usage name="Farm" />
    <usage name="Industrial" />
    <tag name="floor" />
  </type>
  <type name="bl_paint_tube">
    <nominal>30</nominal>
    <lifetime>14400</lifetime>
    <restock>0</restock>
    <min>25</min>
    <quantmin>-1</quantmin>
    <quantmax>-1</quantmax>
    <cost>100</cost>
    <flags count_in_cargo="0" count_in_hoarder="0" count_in_map="1" count_in_player="0" crafted="0" deloot="0" />
    <category name="tools" />
    <usage name="Farm" />
    <usage name="Industrial" />
    <usage name="Town" />
    <usage name="Village" />
    <tag name="shelves" />
  </type>
  <type name="bl_painting_1">
    <lifetime>3888000</lifetime>
    <flags count_in_cargo="0" count_in_hoarder="0" count_in_map="1" count_in_player="0" crafted="0" deloot="0" />
  </type>
  <type name="bl_painting_1_Kit">
    <nominal>2</nominal>
    <lifetime>14400</lifetime>
    <restock>0</restock>
    <min>1</min>
    <quantmin>-1</quantmin>
    <quantmax>-1</quantmax>
    <cost>100</cost>
    <flags count_in_cargo="0" count_in_hoarder="0" count_in_map="1" count_in_player="0" crafted="0" deloot="0" />
    <category name="tools" />
    <usage name="Farm" />
    <usage name="Town" />
    <usage name="Village" />
    <tag name="floor" />
  </type>
  <type name="bl_painting_2">
    <lifetime>3888000</lifetime>
    <flags count_in_cargo="0" count_in_hoarder="0" count_in_map="1" count_in_player="0" crafted="0" deloot="0" />
  </type>
  <type name="bl_painting_2_Kit">
    <nominal>2</nominal>
    <lifetime>14400</lifetime>
    <restock>0</restock>
    <min>1</min>
    <quantmin>-1</quantmin>
    <quantmax>-1</quantmax>
    <cost>100</cost>
    <flags count_in_cargo="0" count_in_hoarder="0" count_in_map="1" count_in_player="0" crafted="0" deloot="0" />
    <category name="tools" />
    <usage name="Farm" />
    <usage name="Town" />
    <usage name="Village" />
    <tag name="floor" />
  </type>
  <type name="bl_painting_3">
    <lifetime>3888000</lifetime>
    <flags count_in_cargo="0" count_in_hoarder="0" count_in_map="1" count_in_player="0" crafted="0" deloot="0" />
  </type>
  <type name="bl_painting_3_Kit">
    <nominal>2</nominal>
    <lifetime>14400</lifetime>
    <restock>0</restock>
    <min>1</min>
    <quantmin>-1</quantmin>
    <quantmax>-1</quantmax>
    <cost>100</cost>
    <flags count_in_cargo="0" count_in_hoarder="0" count_in_map="1" count_in_player="0" crafted="0" deloot="0" />
    <category name="tools" />
    <usage name="Farm" />
    <usage name="Town" />
    <usage name="Village" />
    <tag name="floor" />
  </type>
  <type name="bl_painting_4">
    <lifetime>3888000</lifetime>
    <flags count_in_cargo="0" count_in_hoarder="0" count_in_map="1" count_in_player="0" crafted="0" deloot="0" />
  </type>
  <type name="bl_painting_4_Kit">
    <nominal>2</nominal>
    <lifetime>14400</lifetime>
    <restock>0</restock>
    <min>1</min>
    <quantmin>-1</quantmin>
    <quantmax>-1</quantmax>
    <cost>100</cost>
    <flags count_in_cargo="0" count_in_hoarder="0" count_in_map="1" count_in_player="0" crafted="0" deloot="0" />
    <category name="tools" />
    <usage name="Farm" />
    <usage name="Town" />
    <usage name="Village" />
    <tag name="floor" />
  </type>
  <type name="bl_painting_5">
    <lifetime>3888000</lifetime>
    <flags count_in_cargo="0" count_in_hoarder="0" count_in_map="1" count_in_player="0" crafted="0" deloot="0" />
  </type>
  <type name="bl_painting_5_Kit">
    <nominal>2</nominal>
    <lifetime>14400</lifetime>
    <restock>0</restock>
    <min>1</min>
    <quantmin>-1</quantmin>
    <quantmax>-1</quantmax>
    <cost>100</cost>
    <flags count_in_cargo="0" count_in_hoarder="0" count_in_map="1" count_in_player="0" crafted="0" deloot="0" />
    <category name="tools" />
    <usage name="Farm" />
    <usage name="Town" />
    <usage name="Village" />
    <tag name="floor" />
  </type>
  <type name="bl_painting_6">
    <lifetime>3888000</lifetime>
    <flags count_in_cargo="0" count_in_hoarder="0" count_in_map="1" count_in_player="0" crafted="0" deloot="0" />
  </type>
  <type name="bl_painting_6_Kit">
    <nominal>2</nominal>
    <lifetime>14400</lifetime>
    <restock>0</restock>
    <min>1</min>
    <quantmin>-1</quantmin>
    <quantmax>-1</quantmax>
    <cost>100</cost>
    <flags count_in_cargo="0" count_in_hoarder="0" count_in_map="1" count_in_player="0" crafted="0" deloot="0" />
    <category name="tools" />
    <usage name="Farm" />
    <usage name="Town" />
    <usage name="Village" />
    <tag name="floor" />
  </type>
  <type name="bl_painting_7">
    <lifetime>3888000</lifetime>
    <flags count_in_cargo="0" count_in_hoarder="0" count_in_map="1" count_in_player="0" crafted="0" deloot="0" />
  </type>
  <type name="bl_painting_7_Kit">
    <nominal>2</nominal>
    <lifetime>14400</lifetime>
    <restock>0</restock>
    <min>1</min>
    <quantmin>-1</quantmin>
    <quantmax>-1</quantmax>
    <cost>100</cost>
    <flags count_in_cargo="0" count_in_hoarder="0" count_in_map="1" count_in_player="0" crafted="0" deloot="0" />
    <category name="tools" />
    <usage name="Farm" />
    <usage name="Town" />
    <usage name="Village" />
    <tag name="floor" />
  </type>
  <type name="bl_painting_8">
    <lifetime>3888000</lifetime>
    <flags count_in_cargo="0" count_in_hoarder="0" count_in_map="1" count_in_player="0" crafted="0" deloot="0" />
  </type>
  <type name="bl_painting_8_Kit">
    <nominal>2</nominal>
    <lifetime>14400</lifetime>
    <restock>0</restock>
    <min>1</min>
    <quantmin>-1</quantmin>
    <quantmax>-1</quantmax>
    <cost>100</cost>
    <flags count_in_cargo="0" count_in_hoarder="0" count_in_map="1" count_in_player="0" crafted="0" deloot="0" />
    <category name="tools" />
    <usage name="Farm" />
    <usage name="Town" />
    <usage name="Village" />
    <tag name="floor" />
  </type>
  <type name="bl_painting_9">
    <lifetime>3888000</lifetime>
    <flags count_in_cargo="0" count_in_hoarder="0" count_in_map="1" count_in_player="0" crafted="0" deloot="0" />
  </type>
  <type name="bl_painting_9_Kit">
    <nominal>2</nominal>
    <lifetime>14400</lifetime>
    <restock>0</restock>
    <min>1</min>
    <quantmin>-1</quantmin>
    <quantmax>-1</quantmax>
    <cost>100</cost>
    <flags count_in_cargo="0" count_in_hoarder="0" count_in_map="1" count_in_player="0" crafted="0" deloot="0" />
    <category name="tools" />
    <usage name="Farm" />
    <usage name="Town" />
    <usage name="Village" />
    <tag name="floor" />
  </type>
  <type name="bl_pallet">
    <nominal>40</nominal>
    <lifetime>14400</lifetime>
    <restock>0</restock>
    <min>30</min>
    <quantmin>-1</quantmin>
    <quantmax>-1</quantmax>
    <cost>100</cost>
    <flags count_in_cargo="0" count_in_hoarder="0" count_in_map="1" count_in_player="0" crafted="0" deloot="0" />
    <category name="tools" />
    <usage name="Farm" />
    <usage name="Industrial" />
    <tag name="floor" />
  </type>
  <type name="bl_pallet_bed_Kit">
    <lifetime>14400</lifetime>
    <flags count_in_cargo="0" count_in_hoarder="0" count_in_map="1" count_in_player="0" crafted="1" deloot="0" />
  </type>
  <type name="bl_pallet_bed_m">
    <lifetime>3888000</lifetime>
    <flags count_in_cargo="0" count_in_hoarder="0" count_in_map="1" count_in_player="0" crafted="0" deloot="0" />
  </type>
  <type name="bl_pallet_bed_m_Kit">
    <nominal>3</nominal>
    <lifetime>14400</lifetime>
    <restock>600</restock>
    <min>2</min>
    <quantmin>-1</quantmin>
    <quantmax>-1</quantmax>
    <cost>100</cost>
    <flags count_in_cargo="0" count_in_hoarder="0" count_in_map="1" count_in_player="0" crafted="0" deloot="0" />
    <category name="containers" />
    <usage name="Farm" />
    <usage name="Industrial" />
    <usage name="Village" />
    <tag name="floor" />
    <value name="Tier2" />
    <value name="Tier3" />
    <value name="Tier4" />
  </type>
  <type name="bl_pallet_bed_s">
    <lifetime>3888000</lifetime>
    <flags count_in_cargo="0" count_in_hoarder="0" count_in_map="1" count_in_player="0" crafted="0" deloot="0" />
  </type>
  <type name="bl_pallet_bed_s_Kit">
    <nominal>3</nominal>
    <lifetime>14400</lifetime>
    <restock>600</restock>
    <min>2</min>
    <quantmin>-1</quantmin>
    <quantmax>-1</quantmax>
    <cost>100</cost>
    <flags count_in_cargo="0" count_in_hoarder="0" count_in_map="1" count_in_player="0" crafted="0" deloot="0" />
    <category name="containers" />
    <usage name="Farm" />
    <usage name="Industrial" />
    <usage name="Village" />
    <tag name="floor" />
    <value name="Tier1" />
    <value name="Tier2" />
    <value name="Tier3" />
  </type>
  <type name="bl_pallet_box_1">
    <lifetime>3888000</lifetime>
    <flags count_in_cargo="0" count_in_hoarder="0" count_in_map="1" count_in_player="0" crafted="0" deloot="0" />
  </type>
  <type name="bl_pallet_box_1_Kit">
    <nominal>2</nominal>
    <lifetime>14400</lifetime>
    <restock>600</restock>
    <min>2</min>
    <quantmin>-1</quantmin>
    <quantmax>-1</quantmax>
    <cost>100</cost>
    <flags count_in_cargo="0" count_in_hoarder="0" count_in_map="1" count_in_player="0" crafted="0" deloot="0" />
    <category name="containers" />
    <usage name="Farm" />
    <usage name="Industrial" />
    <tag name="floor" />
    <value name="Tier1" />
    <value name="Tier2" />
  </type>
  <type name="bl_pallet_box_2">
    <lifetime>3888000</lifetime>
    <flags count_in_cargo="0" count_in_hoarder="0" count_in_map="1" count_in_player="0" crafted="0" deloot="0" />
  </type>
  <type name="bl_pallet_box_2_Kit">
    <nominal>3</nominal>
    <lifetime>14400</lifetime>
    <restock>600</restock>
    <min>2</min>
    <quantmin>-1</quantmin>
    <quantmax>-1</quantmax>
    <cost>100</cost>
    <flags count_in_cargo="0" count_in_hoarder="0" count_in_map="1" count_in_player="0" crafted="0" deloot="0" />
    <category name="containers" />
    <usage name="Farm" />
    <usage name="Industrial" />
    <tag name="floor" />
    <value name="Tier1" />
    <value name="Tier2" />
    <value name="Tier3" />
  </type>
  <type name="bl_pallet_box_3">
    <lifetime>3888000</lifetime>
    <flags count_in_cargo="0" count_in_hoarder="0" count_in_map="1" count_in_player="0" crafted="0" deloot="0" />
  </type>
  <type name="bl_pallet_box_3_Kit">
    <nominal>3</nominal>
    <lifetime>14400</lifetime>
    <restock>600</restock>
    <min>2</min>
    <quantmin>-1</quantmin>
    <quantmax>-1</quantmax>
    <cost>100</cost>
    <flags count_in_cargo="0" count_in_hoarder="0" count_in_map="1" count_in_player="0" crafted="0" deloot="0" />
    <category name="containers" />
    <usage name="Farm" />
    <usage name="Industrial" />
    <tag name="floor" />
    <value name="Tier2" />
    <value name="Tier3" />
  </type>
  <type name="bl_pallet_box_4">
    <lifetime>3888000</lifetime>
    <flags count_in_cargo="0" count_in_hoarder="0" count_in_map="1" count_in_player="0" crafted="0" deloot="0" />
  </type>
  <type name="bl_pallet_box_4_Kit">
    <nominal>3</nominal>
    <lifetime>14400</lifetime>
    <restock>600</restock>
    <min>2</min>
    <quantmin>-1</quantmin>
    <quantmax>-1</quantmax>
    <cost>100</cost>
    <flags count_in_cargo="0" count_in_hoarder="0" count_in_map="1" count_in_player="0" crafted="0" deloot="0" />
    <category name="containers" />
    <usage name="Farm" />
    <usage name="Industrial" />
    <tag name="floor" />
    <value name="Tier2" />
    <value name="Tier3" />
    <value name="Tier4" />
  </type>
  <type name="bl_pallet_box_Kit">
    <lifetime>14400</lifetime>
    <flags count_in_cargo="0" count_in_hoarder="0" count_in_map="1" count_in_player="0" crafted="1" deloot="0" />
  </type>
  <type name="bl_pallet_cabinet_Kit">
    <lifetime>14400</lifetime>
    <flags count_in_cargo="0" count_in_hoarder="0" count_in_map="1" count_in_player="0" crafted="1" deloot="0" />
  </type>
  <type name="bl_pallet_cabinet_l">
    <lifetime>3888000</lifetime>
    <flags count_in_cargo="0" count_in_hoarder="0" count_in_map="1" count_in_player="0" crafted="0" deloot="0" />
  </type>
  <type name="bl_pallet_cabinet_l_Kit">
    <nominal>2</nominal>
    <lifetime>14400</lifetime>
    <restock>600</restock>
    <min>2</min>
    <quantmin>-1</quantmin>
    <quantmax>-1</quantmax>
    <cost>100</cost>
    <flags count_in_cargo="0" count_in_hoarder="0" count_in_map="1" count_in_player="0" crafted="0" deloot="0" />
    <category name="tools" />
    <usage name="Farm" />
    <usage name="Industrial" />
    <tag name="floor" />
    <value name="Tier3" />
    <value name="Tier4" />
  </type>
  <type name="bl_pallet_cabinet_m">
    <lifetime>3888000</lifetime>
    <flags count_in_cargo="0" count_in_hoarder="0" count_in_map="1" count_in_player="0" crafted="0" deloot="0" />
  </type>
  <type name="bl_pallet_cabinet_m_Kit">
    <nominal>3</nominal>
    <lifetime>14400</lifetime>
    <restock>600</restock>
    <min>2</min>
    <quantmin>-1</quantmin>
    <quantmax>-1</quantmax>
    <cost>100</cost>
    <flags count_in_cargo="0" count_in_hoarder="0" count_in_map="1" count_in_player="0" crafted="0" deloot="0" />
    <category name="tools" />
    <usage name="Farm" />
    <usage name="Industrial" />
    <tag name="floor" />
    <value name="Tier2" />
    <value name="Tier3" />
  </type>
  <type name="bl_pallet_cabinet_s">
    <lifetime>3888000</lifetime>
    <flags count_in_cargo="0" count_in_hoarder="0" count_in_map="1" count_in_player="0" crafted="0" deloot="0" />
  </type>
  <type name="bl_pallet_cabinet_s_Kit">
    <nominal>3</nominal>
    <lifetime>14400</lifetime>
    <restock>0</restock>
    <min>2</min>
    <quantmin>-1</quantmin>
    <quantmax>-1</quantmax>
    <cost>100</cost>
    <flags count_in_cargo="0" count_in_hoarder="0" count_in_map="1" count_in_player="0" crafted="0" deloot="0" />
    <category name="tools" />
    <usage name="Military" />
    <tag name="floor" />
  </type>
  <type name="bl_pallet_cabinet_xs">
    <lifetime>3888000</lifetime>
    <flags count_in_cargo="0" count_in_hoarder="0" count_in_map="1" count_in_player="0" crafted="0" deloot="0" />
  </type>
  <type name="bl_pallet_cabinet_xs_Kit">
    <nominal>4</nominal>
    <lifetime>14400</lifetime>
    <restock>0</restock>
    <min>3</min>
    <quantmin>-1</quantmin>
    <quantmax>-1</quantmax>
    <cost>100</cost>
    <flags count_in_cargo="0" count_in_hoarder="0" count_in_map="1" count_in_player="0" crafted="0" deloot="0" />
    <category name="tools" />
    <usage name="Farm" />
    <usage name="Industrial" />
    <tag name="floor" />
  </type>
  <type name="bl_pallet_frame_solo">
    <lifetime>14400</lifetime>
    <flags count_in_cargo="0" count_in_hoarder="0" count_in_map="1" count_in_player="0" crafted="1" deloot="0" />
  </type>
  <type name="bl_pallet_table_Kit">
    <lifetime>14400</lifetime>
    <flags count_in_cargo="0" count_in_hoarder="0" count_in_map="1" count_in_player="0" crafted="1" deloot="0" />
  </type>
  <type name="bl_pallet_table_l">
    <lifetime>3888000</lifetime>
    <flags count_in_cargo="0" count_in_hoarder="0" count_in_map="1" count_in_player="0" crafted="0" deloot="0" />
  </type>
  <type name="bl_pallet_table_l_Kit">
    <nominal>3</nominal>
    <lifetime>14400</lifetime>
    <restock>600</restock>
    <min>2</min>
    <quantmin>-1</quantmin>
    <quantmax>-1</quantmax>
    <cost>100</cost>
    <flags count_in_cargo="0" count_in_hoarder="0" count_in_map="1" count_in_player="0" crafted="0" deloot="0" />
    <category name="tools" />
    <usage name="Farm" />
    <usage name="Industrial" />
    <tag name="floor" />
    <value name="Tier3" />
    <value name="Tier4" />
  </type>
  <type name="bl_pallet_table_m">
    <lifetime>3888000</lifetime>
    <flags count_in_cargo="0" count_in_hoarder="0" count_in_map="1" count_in_player="0" crafted="0" deloot="0" />
  </type>
  <type name="bl_pallet_table_m_Kit">
    <nominal>3</nominal>
    <lifetime>14400</lifetime>
    <restock>600</restock>
    <min>2</min>
    <quantmin>-1</quantmin>
    <quantmax>-1</quantmax>
    <cost>100</cost>
    <flags count_in_cargo="0" count_in_hoarder="0" count_in_map="1" count_in_player="0" crafted="0" deloot="0" />
    <category name="tools" />
    <usage name="Farm" />
    <usage name="Industrial" />
    <tag name="floor" />
    <value name="Tier2" />
    <value name="Tier3" />
  </type>
  <type name="bl_pallet_table_s">
    <lifetime>3888000</lifetime>
    <flags count_in_cargo="0" count_in_hoarder="0" count_in_map="1" count_in_player="0" crafted="0" deloot="0" />
  </type>
  <type name="bl_pallet_table_s_Kit">
    <nominal>3</nominal>
    <lifetime>14400</lifetime>
    <restock>600</restock>
    <min>2</min>
    <quantmin>-1</quantmin>
    <quantmax>-1</quantmax>
    <cost>100</cost>
    <flags count_in_cargo="0" count_in_hoarder="0" count_in_map="1" count_in_player="0" crafted="0" deloot="0" />
    <category name="tools" />
    <usage name="Farm" />
    <usage name="Industrial" />
    <usage name="Village" />
    <tag name="floor" />
  </type>
  <type name="bl_potatochips_bbq">
    <lifetime>14400</lifetime>
    <flags count_in_cargo="0" count_in_hoarder="0" count_in_map="1" count_in_player="0" crafted="0" deloot="0" />
  </type>
  <type name="bl_potatochips_classic">
    <lifetime>14400</lifetime>
    <flags count_in_cargo="0" count_in_hoarder="0" count_in_map="1" count_in_player="0" crafted="0" deloot="0" />
  </type>
  <type name="bl_potatochips_hot">
    <lifetime>14400</lifetime>
    <flags count_in_cargo="0" count_in_hoarder="0" count_in_map="1" count_in_player="0" crafted="0" deloot="0" />
  </type>
  <type name="bl_potatochips_onion">
    <lifetime>14400</lifetime>
    <flags count_in_cargo="0" count_in_hoarder="0" count_in_map="1" count_in_player="0" crafted="0" deloot="0" />
  </type>
  <type name="bl_rain_collector">
    <lifetime>3888000</lifetime>
    <flags count_in_cargo="0" count_in_hoarder="0" count_in_map="1" count_in_player="0" crafted="0" deloot="0" />
  </type>
  <type name="bl_rain_collector_Kit">
    <lifetime>14400</lifetime>
    <flags count_in_cargo="0" count_in_hoarder="0" count_in_map="1" count_in_player="0" crafted="1" deloot="0" />
  </type>
  <type name="bl_rain_collector_prefab_Kit">
    <nominal>4</nominal>
    <lifetime>14400</lifetime>
    <restock>600</restock>
    <min>3</min>
    <quantmin>-1</quantmin>
    <quantmax>-1</quantmax>
    <cost>100</cost>
    <flags count_in_cargo="0" count_in_hoarder="0" count_in_map="1" count_in_player="0" crafted="0" deloot="0" />
    <usage name="Farm" />
    <usage name="Hunting" />
  </type>
  <type name="bl_repair_anvil">
    <nominal>10</nominal>
    <lifetime>14400</lifetime>
    <restock>0</restock>
    <min>8</min>
    <quantmin>-1</quantmin>
    <quantmax>-1</quantmax>
    <cost>100</cost>
    <flags count_in_cargo="0" count_in_hoarder="0" count_in_map="1" count_in_player="0" crafted="0" deloot="0" />
    <category name="tools" />
    <usage name="Farm" />
    <usage name="Industrial" />
    <tag name="shelves" />
  </type>
  <type name="bl_repairbench">
    <lifetime>3888000</lifetime>
    <flags count_in_cargo="0" count_in_hoarder="0" count_in_map="1" count_in_player="0" crafted="0" deloot="0" />
  </type>
  <type name="bl_repairbench_Kit">
    <nominal>4</nominal>
    <lifetime>14400</lifetime>
    <restock>0</restock>
    <min>3</min>
    <quantmin>-1</quantmin>
    <quantmax>-1</quantmax>
    <cost>100</cost>
    <flags count_in_cargo="0" count_in_hoarder="0" count_in_map="1" count_in_player="0" crafted="0" deloot="0" />
    <category name="tools" />
    <usage name="Farm" />
    <usage name="Industrial" />
    <tag name="floor" />
  </type>
  <type name="bl_small_spot">
    <nominal>3</nominal>
    <lifetime>1209600</lifetime>
    <restock>0</restock>
    <min>2</min>
    <quantmin>-1</quantmin>
    <quantmax>-1</quantmax>
    <cost>100</cost>
    <flags count_in_cargo="0" count_in_hoarder="0" count_in_map="1" count_in_player="0" crafted="0" deloot="0" />
    <category name="tools" />
    <usage name="Industrial" />
    <tag name="floor" />
  </type>
  <type name="bl_solar_panel">
    <lifetime>3888000</lifetime>
    <flags count_in_cargo="0" count_in_hoarder="0" count_in_map="1" count_in_player="0" crafted="0" deloot="0" />
  </type>
  <type name="bl_solar_panel_Kit">
    <nominal>4</nominal>
    <lifetime>14400</lifetime>
    <restock>0</restock>
    <min>2</min>
    <quantmin>-1</quantmin>
    <quantmax>-1</quantmax>
    <cost>100</cost>
    <flags count_in_cargo="0" count_in_hoarder="0" count_in_map="1" count_in_player="0" crafted="0" deloot="0" />
    <category name="tools" />
    <usage name="Industrial" />
    <tag name="floor" />
  </type>
  <type name="bl_special_item_Kit">
    <lifetime>14400</lifetime>
    <flags count_in_cargo="0" count_in_hoarder="0" count_in_map="1" count_in_player="0" crafted="1" deloot="0" />
  </type>
  <type name="bl_stove_barrel">
    <lifetime>3888000</lifetime>
    <flags count_in_cargo="0" count_in_hoarder="0" count_in_map="1" count_in_player="0" crafted="0" deloot="0" />
  </type>
  <type name="bl_stove_barrel_Kit">
    <lifetime>14400</lifetime>
    <flags count_in_cargo="0" count_in_hoarder="0" count_in_map="1" count_in_player="0" crafted="1" deloot="0" />
  </type>
  <type name="bl_stove_prefab_Kit">
    <nominal>3</nominal>
    <lifetime>14400</lifetime>
    <restock>600</restock>
    <min>2</min>
    <quantmin>-1</quantmin>
    <quantmax>-1</quantmax>
    <cost>100</cost>
    <flags count_in_cargo="0" count_in_hoarder="0" count_in_map="1" count_in_player="0" crafted="0" deloot="0" />
    <category name="tools" />
    <usage name="Farm" />
    <usage name="Industrial" />
    <tag name="floor" />
  </type>
  <type name="bl_trashcan">
    <lifetime>3888000</lifetime>
    <flags count_in_cargo="0" count_in_hoarder="0" count_in_map="1" count_in_player="0" crafted="0" deloot="0" />
  </type>
  <type name="bl_trashcan_Kit">
    <nominal>4</nominal>
    <lifetime>1209600</lifetime>
    <restock>0</restock>
    <min>3</min>
    <quantmin>-1</quantmin>
    <quantmax>-1</quantmax>
    <cost>100</cost>
    <flags count_in_cargo="0" count_in_hoarder="0" count_in_map="1" count_in_player="0" crafted="0" deloot="0" />
    <category name="tools" />
    <usage name="Lunapark" />
    <usage name="Town" />
    <usage name="Village" />
    <tag name="floor" />
  </type>
  <type name="bl_workbench">
    <lifetime>3888000</lifetime>
    <flags count_in_cargo="0" count_in_hoarder="0" count_in_map="1" count_in_player="0" crafted="0" deloot="0" />
  </type>
  <type name="bl_workbench_Kit">
    <nominal>6</nominal>
    <lifetime>14400</lifetime>
    <restock>0</restock>
    <min>5</min>
    <quantmin>-1</quantmin>
    <quantmax>-1</quantmax>
    <cost>100</cost>
    <flags count_in_cargo="0" count_in_hoarder="0" count_in_map="1" count_in_player="0" crafted="0" deloot="0" />
    <category name="tools" />
    <usage name="Farm" />
    <usage name="Industrial" />
    <tag name="floor" />
  </type>
  <type name="PaperLabel">
    <lifetime>7200</lifetime>
    <flags count_in_cargo="0" count_in_hoarder="0" count_in_map="1" count_in_player="0" crafted="1" deloot="0" />
  </type>
</types>