<?xml version="1.0" encoding="UTF-8" standalone="yes"?>
<types>
  <type name="ZmbM_BloodSucker_hard">
    <nominal>0</nominal>
    <lifetime>1800</lifetime>
    <restock>0</restock>
    <min>0</min>
    <quantmin>-1</quantmin>
    <quantmax>-1</quantmax>
    <cost>100</cost>
    <flags count_in_cargo="0" count_in_hoarder="0" count_in_map="1" count_in_player="0" crafted="0" deloot="0" />
  </type>
  <type name="ZmbM_BloodSucker_medium">
    <nominal>0</nominal>
    <lifetime>1800</lifetime>
    <restock>0</restock>
    <min>0</min>
    <quantmin>-1</quantmin>
    <quantmax>-1</quantmax>
    <cost>100</cost>
    <flags count_in_cargo="0" count_in_hoarder="0" count_in_map="1" count_in_player="0" crafted="0" deloot="0" />
  </type>
  <type name="ZmbM_BloodSucker_normal">
    <nominal>0</nominal>
    <lifetime>1800</lifetime>
    <restock>0</restock>
    <min>0</min>
    <quantmin>-1</quantmin>
    <quantmax>-1</quantmax>
    <cost>100</cost>
    <flags count_in_cargo="0" count_in_hoarder="0" count_in_map="1" count_in_player="0" crafted="0" deloot="0" />
  </type>
  <type name="ZmbM_BloodSucker_superhard">
    <nominal>0</nominal>
    <lifetime>1800</lifetime>
    <restock>0</restock>
    <min>0</min>
    <quantmin>-1</quantmin>
    <quantmax>-1</quantmax>
    <cost>100</cost>
    <flags count_in_cargo="0" count_in_hoarder="0" count_in_map="1" count_in_player="0" crafted="0" deloot="0" />
  </type>
  <type name="ZmbM_BloodSucker_superhardR">
    <nominal>0</nominal>
    <lifetime>1800</lifetime>
    <restock>0</restock>
    <min>0</min>
    <quantmin>-1</quantmin>
    <quantmax>-1</quantmax>
    <cost>100</cost>
    <flags count_in_cargo="0" count_in_hoarder="0" count_in_map="1" count_in_player="0" crafted="0" deloot="0" />
  </type>
  <type name="ZmbM_BloodSucker_superweird">
    <nominal>0</nominal>
    <lifetime>1800</lifetime>
    <restock>0</restock>
    <min>0</min>
    <quantmin>-1</quantmin>
    <quantmax>-1</quantmax>
    <cost>100</cost>
    <flags count_in_cargo="0" count_in_hoarder="0" count_in_map="1" count_in_player="0" crafted="0" deloot="0" />
  </type>
</types>